company,timestamp,kwh,kvarh
kV2c_ADMIN ACUEDUCTO_LPData,2025-09-01 00:00:00,0.1387,0.0816
kV2c_ADMIN ACUEDUCTO_LPData,2025-09-01 00:15:00,0.121,0.0618
kV2c_ADMIN ACUEDUCTO_LPData,2025-09-01 00:30:00,0.1131,0.0629
kV2c_ADMIN ACUEDUCTO_LPData,2025-09-01 00:45:00,0.0975,0.0518
kV2c_ADMIN ACUEDUCTO_LPData,2025-09-01 01:00:00,0.1181,0.0673
kV2c_ADMIN ACUEDUCTO_LPData,2025-09-01 01:15:00,0.1038,0.0534
kV2c_ADMIN ACUEDUCTO_LPData,2025-09-01 01:30:00,0.1447,0.0846
kV2c_ADMIN ACUEDUCTO_LPData,2025-09-01 01:45:00,0.1024,0.0571
kV2c_ADMIN ACUEDUCTO_LPData,2025-09-01 02:00:00,0.0867,0.0452
kV2c_ADMIN ACUEDUCTO_LPData,2025-09-01 02:15:00,0.1245,0.0727
kV2c_ADMIN ACUEDUCTO_LPData,2025-09-01 02:30:00,0.0862,0.0447
kV2c_ADMIN ACUEDUCTO_LPData,2025-09-01 02:45:00,0.1154,0.0678
kV2c_ADMIN ACUEDUCTO_LPData,2025-09-01 03:00:00,0.1065,0.06
kV2c_ADMIN ACUEDUCTO_LPData,2025-09-01 03:15:00,0.1138,0.0626
kV2c_ADMIN ACUEDUCTO_LPData,2025-09-01 03:30:00,0.1561,0.0857
kV2c_ADMIN ACUEDUCTO_LPData,2025-09-01 03:45:00,0.0934,0.0489
kV2c_ADMIN ACUEDUCTO_LPData,2025-09-01 04:00:00,0.1197,0.0704
kV2c_ADMIN ACUEDUCTO_LPData,2025-09-01 04:15:00,0.1153,0.0662
kV2c_ADMIN ACUEDUCTO_LPData,2025-09-01 04:30:00,0.1075,0.0584
kV2c_ADMIN ACUEDUCTO_LPData,2025-09-01 04:45:00,0.1194,0.0678
kV2c_ADMIN ACUEDUCTO_LPData,2025-09-01 05:00:00,0.1028,0.0553
kV2c_ADMIN ACUEDUCTO_LPData,2025-09-01 05:15:00,0.1438,0.0805
kV2c_ADMIN ACUEDUCTO_LPData,2025-09-01 05:30:00,0.0937,0.047
kV2c_ADMIN ACUEDUCTO_LPData,2025-09-01 05:45:00,0.1568,0.0839
kV2c_ADMIN ACUEDUCTO_LPData,2025-09-01 06:00:00,0.1285,0.0724
kV2c_ADMIN ACUEDUCTO_LPData,2025-09-01 06:15:00,0.0997,0.0519
kV2c_ADMIN ACUEDUCTO_LPData,2025-09-01 06:30:00,0.1249,0.0818
kV2c_ADMIN OFICINA_LPData,2025-09-01 00:00:00,0.0965,0.0
kV2c_ADMIN OFICINA_LPData,2025-09-01 00:15:00,0.0955,0.0
kV2c_ADMIN OFICINA_LPData,2025-09-01 00:30:00,0.0946,0.0
kV2c_ADMIN OFICINA_LPData,2025-09-01 00:45:00,0.095,0.0
kV2c_ADMIN OFICINA_LPData,2025-09-01 01:00:00,0.0949,0.0
kV2c_ADMIN OFICINA_LPData,2025-09-01 01:15:00,0.0951,0.0
kV2c_ADMIN OFICINA_LPData,2025-09-01 01:30:00,0.0947,0.0
kV2c_ADMIN OFICINA_LPData,2025-09-01 01:45:00,0.0954,0.0
kV2c_ADMIN OFICINA_LPData,2025-09-01 02:00:00,0.0946,0.0
kV2c_ADMIN OFICINA_LPData,2025-09-01 02:15:00,0.0938,0.0
kV2c_ADMIN OFICINA_LPData,2025-09-01 02:30:00,0.0938,0.0
kV2c_ADMIN OFICINA_LPData,2025-09-01 02:45:00,0.0939,0.0
kV2c_ADMIN OFICINA_LPData,2025-09-01 03:00:00,0.0938,0.0
kV2c_ADMIN OFICINA_LPData,2025-09-01 03:15:00,0.0941,0.0
kV2c_ADMIN OFICINA_LPData,2025-09-01 03:30:00,0.094,0.0
kV2c_ADMIN OFICINA_LPData,2025-09-01 03:45:00,0.0938,0.0
kV2c_ADMIN OFICINA_LPData,2025-09-01 04:00:00,0.0964,0.0
kV2c_ADMIN OFICINA_LPData,2025-09-01 04:15:00,0.0914,0.0
kV2c_ADMIN OFICINA_LPData,2025-09-01 04:30:00,0.092,0.0
kV2c_ADMIN OFICINA_LPData,2025-09-01 04:45:00,0.0931,0.0
kV2c_ADMIN OFICINA_LPData,2025-09-01 05:00:00,0.0921,0.0
kV2c_ADMIN OFICINA_LPData,2025-09-01 05:15:00,0.0926,0.0
kV2c_ADUANA_LPData,2025-09-01 00:00:00,0.0264,0.0183
kV2c_ADUANA_LPData,2025-09-01 00:15:00,0.026,0.0188
kV2c_ADUANA_LPData,2025-09-01 00:30:00,0.0293,0.0192
kV2c_ADUANA_LPData,2025-09-01 00:45:00,0.0282,0.0189
kV2c_ADUANA_LPData,2025-09-01 01:00:00,0.0286,0.0186
kV2c_ADUANA_LPData,2025-09-01 01:15:00,0.0308,0.0202
kV2c_ADUANA_LPData,2025-09-01 01:30:00,0.0303,0.0196
kV2c_ADUANA_LPData,2025-09-01 01:45:00,0.0279,0.0193
kV2c_ADUANA_LPData,2025-09-01 02:00:00,0.0266,0.0191
kV2c_ADUANA_LPData,2025-09-01 02:15:00,0.0271,0.019
kV2c_ADUANA_LPData,2025-09-01 02:30:00,0.0288,0.0194
kV2c_ADUANA_LPData,2025-09-01 02:45:00,0.0283,0.0194
kV2c_ADUANA_LPData,2025-09-01 03:00:00,0.028,0.0196
kV2c_ADUANA_LPData,2025-09-01 03:15:00,0.0292,0.0209
kV2c_ADUANA_LPData,2025-09-01 03:30:00,0.0295,0.0193
kV2c_ADUANA_LPData,2025-09-01 03:45:00,0.0263,0.019
kV2c_ADUANA_LPData,2025-09-01 04:00:00,0.0263,0.019
kV2c_ADUANA_LPData,2025-09-01 04:15:00,0.0275,0.0192
kV2c_ADUANA_LPData,2025-09-01 04:30:00,0.0286,0.0193
kV2c_ADUANA_LPData,2025-09-01 04:45:00,0.0279,0.0194
kV2c_ADUANA_LPData,2025-09-01 05:00:00,0.0295,0.019
kV2c_ADUANA_LPData,2025-09-01 05:15:00,0.0291,0.0202
kV2c_ADUANA_LPData,2025-09-01 05:30:00,0.0273,0.0189
kV2c_ADUANA_LPData,2025-09-01 05:45:00,0.0276,0.0184
kV2c_ADUANA_LPData,2025-09-01 06:00:00,0.0274,0.0182
kV2c_ADUANA_LPData,2025-09-01 06:15:00,0.0297,0.0179
kV2c_ADUANA_LPData,2025-09-01 06:30:00,0.0271,0.0177
kV2c_ADUANA_LPData,2025-09-01 06:45:00,0.0581,0.0216
kV2c_ADUANA_LPData,2025-09-01 07:00:00,0.1397,0.0411
kV2c_ADUANA_LPData,2025-09-01 07:15:00,0.1411,0.0391
kV2c_ADUANA_LPData,2025-09-01 07:30:00,0.1452,0.0364
kV2c_ADUANA_LPData,2025-09-01 07:45:00,0.1362,0.0318
kV2c_ADUANA_LPData,2025-09-01 08:00:00,0.1405,0.0344
kV2c_ADUANA_LPData,2025-09-01 08:15:00,0.1499,0.0347
kV2c_ADUANA_LPData,2025-09-01 08:30:00,0.1488,0.0357
kV2c_ADUANA_LPData,2025-09-01 08:45:00,0.1492,0.0372
kV2c_ADUANA_LPData,2025-09-01 09:00:00,0.1527,0.038
kV2c_ADUANA_LPData,2025-09-01 09:15:00,0.1432,0.0327
kV2c_ADUANA_LPData,2025-09-01 09:30:00,0.1368,0.0277
kV2c_ADUANA_LPData,2025-09-01 09:45:00,0.1494,0.0338
kV2c_ADUANA_LPData,2025-09-01 10:00:00,0.1528,0.0359
kV2c_ADUANA_LPData,2025-09-01 10:15:00,0.1536,0.0367
kV2c_ALESSI DOMENICO_LPData,2025-09-01 00:00:00,0.0048,0.0
kV2c_ALESSI DOMENICO_LPData,2025-09-01 00:15:00,0.0047,0.0
kV2c_ALESSI DOMENICO_LPData,2025-09-01 00:30:00,0.0046,0.0
kV2c_ALESSI DOMENICO_LPData,2025-09-01 00:45:00,0.0045,0.0
kV2c_ALESSI DOMENICO_LPData,2025-09-01 01:00:00,0.0046,0.0
kV2c_ALESSI DOMENICO_LPData,2025-09-01 01:15:00,0.0045,0.0
kV2c_ALESSI DOMENICO_LPData,2025-09-01 01:30:00,0.0046,0.0
kV2c_ALESSI DOMENICO_LPData,2025-09-01 01:45:00,0.0045,0.0
kV2c_ALESSI DOMENICO_LPData,2025-09-01 02:00:00,0.0046,0.0
kV2c_ALESSI DOMENICO_LPData,2025-09-01 02:15:00,0.0046,0.0
kV2c_ALESSI DOMENICO_LPData,2025-09-01 02:30:00,0.0046,0.0
kV2c_ALESSI DOMENICO_LPData,2025-09-01 02:45:00,0.0045,0.0
kV2c_ALESSI DOMENICO_LPData,2025-09-01 03:00:00,0.0046,0.0
kV2c_ALESSI DOMENICO_LPData,2025-09-01 03:15:00,0.0045,0.0
kV2c_ALESSI DOMENICO_LPData,2025-09-01 03:30:00,0.0046,0.0
kV2c_ALESSI DOMENICO_LPData,2025-09-01 03:45:00,0.0045,0.0
kV2c_ALESSI DOMENICO_LPData,2025-09-01 04:00:00,0.0046,0.0
kV2c_ALESSI DOMENICO_LPData,2025-09-01 04:15:00,0.0046,0.0
kV2c_ALESSI DOMENICO_LPData,2025-09-01 04:30:00,0.0045,0.0
kV2c_ALESSI DOMENICO_LPData,2025-09-01 04:45:00,0.0046,0.0
kV2c_ALESSI DOMENICO_LPData,2025-09-01 05:00:00,0.0046,0.0
kV2c_ALESSI DOMENICO_LPData,2025-09-01 05:15:00,0.0203,0.0
kV2c_ALESSI DOMENICO_LPData,2025-09-01 05:30:00,0.0427,0.0
kV2c_ALESSI DOMENICO_LPData,2025-09-01 05:45:00,0.05,0.0
kV2c_ALESSI DOMENICO_LPData,2025-09-01 06:00:00,0.0494,0.0
kV2c_ALESSI DOMENICO_LPData,2025-09-01 06:15:00,0.049,0.0
kV2c_ALPHA PLASTICS_LPData,2025-09-01 00:00:00,0.1656,0.0722
kV2c_ALPHA PLASTICS_LPData,2025-09-01 00:15:00,0.1651,0.0725
kV2c_ALPHA PLASTICS_LPData,2025-09-01 00:30:00,0.1632,0.0717
kV2c_ALPHA PLASTICS_LPData,2025-09-01 00:45:00,0.1597,0.0692
kV2c_ALPHA PLASTICS_LPData,2025-09-01 01:00:00,0.159,0.0687
kV2c_ALPHA PLASTICS_LPData,2025-09-01 01:15:00,0.1605,0.0693
kV2c_ALPHA PLASTICS_LPData,2025-09-01 01:30:00,0.1595,0.0691
kV2c_ALPHA PLASTICS_LPData,2025-09-01 01:45:00,0.1625,0.0709
kV2c_ALPHA PLASTICS_LPData,2025-09-01 02:00:00,0.1672,0.0729
kV2c_ALPHA PLASTICS_LPData,2025-09-01 02:15:00,0.1637,0.0717
kV2c_ALPHA PLASTICS_LPData,2025-09-01 02:30:00,0.1608,0.0709
kV2c_ALPHA PLASTICS_LPData,2025-09-01 02:45:00,0.1621,0.0711
kV2c_ALPHA PLASTICS_LPData,2025-09-01 03:00:00,0.1702,0.074
kV2c_ALPHA PLASTICS_LPData,2025-09-01 03:15:00,0.1675,0.073
kV2c_ALPHA PLASTICS_LPData,2025-09-01 03:30:00,0.1686,0.0735
kV2c_ALPHA PLASTICS_LPData,2025-09-01 03:45:00,0.1703,0.0736
kV2c_ALPHA PLASTICS_LPData,2025-09-01 04:00:00,0.1704,0.0734
kV2c_ALPHA PLASTICS_LPData,2025-09-01 04:15:00,0.1687,0.0725
kV2c_ALPHA PLASTICS_LPData,2025-09-01 04:30:00,0.1666,0.0713
kV2c_ALPHA PLASTICS_LPData,2025-09-01 04:45:00,0.168,0.0724
kV2c_ALPHA PLASTICS_LPData,2025-09-01 05:00:00,0.2006,0.0746
kV2c_ALPHA PLASTICS_LPData,2025-09-01 05:15:00,0.1966,0.074
kV2c_ALPHA PLASTICS_LPData,2025-09-01 05:30:00,0.1988,0.0741
kV2c_ALPHA PLASTICS_LPData,2025-09-01 05:45:00,0.1921,0.072
kV2c_ALPHA PLASTICS_LPData,2025-09-01 06:00:00,0.1857,0.0717
kV2c_ALPHA PLASTICS_LPData,2025-09-01 06:15:00,0.1849,0.0724
kV2c_ALUMAXINC III_LPData,2025-09-01 00:00:00,0.001,0.0
kV2c_ALUMAXINC III_LPData,2025-09-01 00:15:00,0.001,0.0
kV2c_ALUMAXINC III_LPData,2025-09-01 00:30:00,0.001,0.0
kV2c_ALUMAXINC III_LPData,2025-09-01 00:45:00,0.001,0.0
kV2c_ALUMAXINC III_LPData,2025-09-01 01:00:00,0.0011,0.0
kV2c_ALUMAXINC III_LPData,2025-09-01 01:15:00,0.001,0.0
kV2c_ALUMAXINC III_LPData,2025-09-01 01:30:00,0.001,0.0
kV2c_ALUMAXINC III_LPData,2025-09-01 01:45:00,0.0011,0.0
kV2c_ALUMAXINC III_LPData,2025-09-01 02:00:00,0.001,0.0
kV2c_ALUMAXINC III_LPData,2025-09-01 02:15:00,0.001,0.0
kV2c_ALUMAXINC III_LPData,2025-09-01 02:30:00,0.001,0.0
kV2c_ALUMAXINC III_LPData,2025-09-01 02:45:00,0.001,0.0
kV2c_ALUMAXINC III_LPData,2025-09-01 03:00:00,0.0011,0.0
kV2c_ALUMAXINC III_LPData,2025-09-01 03:15:00,0.001,0.0
kV2c_ALUMAXINC III_LPData,2025-09-01 03:30:00,0.001,0.0
kV2c_ALUMAXINC III_LPData,2025-09-01 03:45:00,0.001,0.0
kV2c_ALUMAXINC III_LPData,2025-09-01 04:00:00,0.001,0.0
kV2c_ALUMAXINC III_LPData,2025-09-01 04:15:00,0.001,0.0
kV2c_ALUMAXINC III_LPData,2025-09-01 04:30:00,0.001,0.0
kV2c_ALUMAXINC III_LPData,2025-09-01 04:45:00,0.001,0.0
kV2c_ALUMAXINC III_LPData,2025-09-01 05:00:00,0.0011,0.0
kV2c_ALUMAXINC III_LPData,2025-09-01 05:15:00,0.001,0.0
kV2c_ALUMAXINC III_LPData,2025-09-01 05:30:00,0.001,0.0
kV2c_ALUMAXINC III_LPData,2025-09-01 05:45:00,0.001,0.0
kV2c_ALUMAXINC III_LPData,2025-09-01 06:00:00,0.0011,0.0
kV2c_ALUMAXINC III_LPData,2025-09-01 06:15:00,0.001,0.0
kV2c_ALUMAXINC III_LPData,2025-09-01 06:30:00,0.001,0.0
kV2c_ALUMAXINC III_LPData,2025-09-01 06:45:00,0.001,0.0
kV2c_ALUMAXINC III_LPData,2025-09-01 07:00:00,0.0009,0.0
kV2c_ALUMAXINC III_LPData,2025-09-01 07:15:00,0.001,0.0
kV2c_ALUMAXINC III_LPData,2025-09-01 07:30:00,0.0009,0.0
kV2c_ALUMAXINC II_LPData,2025-09-01 00:00:00,0.0,0.0
kV2c_ALUMAXINC II_LPData,2025-09-01 00:15:00,0.0,0.0
kV2c_ALUMAXINC II_LPData,2025-09-01 00:30:00,0.0,0.0
kV2c_ALUMAXINC II_LPData,2025-09-01 00:45:00,0.0,0.0
kV2c_ALUMAXINC II_LPData,2025-09-01 01:00:00,0.0,0.0
kV2c_ALUMAXINC II_LPData,2025-09-01 01:15:00,0.0,0.0
kV2c_ALUMAXINC II_LPData,2025-09-01 01:30:00,0.0,0.0
kV2c_ALUMAXINC II_LPData,2025-09-01 01:45:00,0.0,0.0
kV2c_ALUMAXINC II_LPData,2025-09-01 02:00:00,0.0,0.0
kV2c_ALUMAXINC II_LPData,2025-09-01 02:15:00,0.0,0.0
kV2c_ALUMAXINC II_LPData,2025-09-01 02:30:00,0.0,0.0
kV2c_ALUMAXINC II_LPData,2025-09-01 02:45:00,0.0,0.0
kV2c_ALUMAXINC II_LPData,2025-09-01 03:00:00,0.0,0.0
kV2c_ALUMAXINC II_LPData,2025-09-01 03:15:00,0.0,0.0
kV2c_ALUMAXINC II_LPData,2025-09-01 03:30:00,0.0,0.0
kV2c_ALUMAXINC II_LPData,2025-09-01 03:45:00,0.0,0.0
kV2c_ALUMAXINC II_LPData,2025-09-01 04:00:00,0.0,0.0
kV2c_ALUMAXINC II_LPData,2025-09-01 04:15:00,0.0,0.0
kV2c_ALUMAXINC II_LPData,2025-09-01 04:30:00,0.0,0.0
kV2c_ALUMAXINC II_LPData,2025-09-01 04:45:00,0.0,0.0
kV2c_ALUMAXINC II_LPData,2025-09-01 05:00:00,0.0,0.0
kV2c_ALUMAXINC II_LPData,2025-09-01 05:15:00,0.0,0.0
kV2c_ALUMAXINC II_LPData,2025-09-01 05:30:00,0.0,0.0
kV2c_ALUMAXINC II_LPData,2025-09-01 05:45:00,0.0,0.0
kV2c_ALUMAXINC II_LPData,2025-09-01 06:00:00,0.0,0.0
kV2c_ALUMAXINC II_LPData,2025-09-01 06:15:00,0.0,0.0
kV2c_ALUMAXINC II_LPData,2025-09-01 06:30:00,0.0,0.0
kV2c_ALUMAXINC II_LPData,2025-09-01 06:45:00,0.0,0.0
kV2c_ALUMAXINC II_LPData,2025-09-01 07:00:00,0.0,0.0
kV2c_ALUMAXINC II_LPData,2025-09-01 07:15:00,0.0,0.0
kV2c_ALUMAXINC II_LPData,2025-09-01 07:30:00,0.0,0.0
kV2c_ALUMAXINC II_LPData,2025-09-01 07:45:00,0.0,0.0
kV2c_ALUMAXINC II_LPData,2025-09-01 08:00:00,0.0,0.0
kV2c_ALUMAXINC II_LPData,2025-09-01 08:15:00,0.0,0.0
kV2c_ALUMAXINC II_LPData,2025-09-01 08:30:00,0.0,0.0
kV2c_ALUMAXINC II_LPData,2025-09-01 08:45:00,0.0,0.0
kV2c_ALUMAXINC II_LPData,2025-09-01 09:00:00,0.0,0.0
kV2c_ALUMAXINC II_LPData,2025-09-01 09:15:00,0.0,0.0
kV2c_ALUMAXINC II_LPData,2025-09-01 09:30:00,0.0,0.0
kV2c_ALUMAXINC II_LPData,2025-09-01 09:45:00,0.0,0.0
kV2c_ALUMAXINC II_LPData,2025-09-01 10:00:00,0.0,0.0
kV2c_ALUMAXINC II_LPData,2025-09-01 10:15:00,0.0,0.0
kV2c_ALUMAXINC I_LPData,2025-09-01 00:00:00,0.0,0.0003
kV2c_ALUMAXINC I_LPData,2025-09-01 00:15:00,0.0,0.0003
kV2c_ALUMAXINC I_LPData,2025-09-01 00:30:00,0.0,0.0003
kV2c_ALUMAXINC I_LPData,2025-09-01 00:45:00,0.0,0.0003
kV2c_ALUMAXINC I_LPData,2025-09-01 01:00:00,0.0,0.0003
kV2c_ALUMAXINC I_LPData,2025-09-01 01:15:00,0.0,0.0003
kV2c_ALUMAXINC I_LPData,2025-09-01 01:30:00,0.0,0.0003
kV2c_ALUMAXINC I_LPData,2025-09-01 01:45:00,0.0001,0.0003
kV2c_ALUMAXINC I_LPData,2025-09-01 02:00:00,0.0,0.0003
kV2c_ALUMAXINC I_LPData,2025-09-01 02:15:00,0.0,0.0003
kV2c_ALUMAXINC I_LPData,2025-09-01 02:30:00,0.0,0.0003
kV2c_ALUMAXINC I_LPData,2025-09-01 02:45:00,0.0,0.0003
kV2c_ALUMAXINC I_LPData,2025-09-01 03:00:00,0.0,0.0003
kV2c_ALUMAXINC I_LPData,2025-09-01 03:15:00,0.0,0.0003
kV2c_ALUMAXINC I_LPData,2025-09-01 03:30:00,0.0,0.0003
kV2c_ALUMAXINC I_LPData,2025-09-01 03:45:00,0.0,0.0003
kV2c_ALUMAXINC I_LPData,2025-09-01 04:00:00,0.0,0.0003
kV2c_ALUMAXINC I_LPData,2025-09-01 04:15:00,0.0,0.0003
kV2c_ALUMAXINC I_LPData,2025-09-01 04:30:00,0.0,0.0003
kV2c_ALUMAXINC I_LPData,2025-09-01 04:45:00,0.0001,0.0003
kV2c_ALUMAXINC I_LPData,2025-09-01 05:00:00,0.0,0.0003
kV2c_ALUMAXINC I_LPData,2025-09-01 05:15:00,0.0,0.0003
kV2c_ALUMAXINC I_LPData,2025-09-01 05:30:00,0.0,0.0003
kV2c_ALUMAXINC I_LPData,2025-09-01 05:45:00,0.0,0.0003
kV2c_ALUMAXINC I_LPData,2025-09-01 06:00:00,0.0,0.0003
kV2c_ALUMAXINC I_LPData,2025-09-01 06:15:00,0.0,0.0003
kV2c_ALUMAXINC I_LPData,2025-09-01 06:30:00,0.0,0.0003
kV2c_ALUMAXINC I_LPData,2025-09-01 06:45:00,0.0,0.0003
kV2c_ALUMAXINC I_LPData,2025-09-01 07:00:00,0.0,0.0003
kV2c_ALUMAXINC I_LPData,2025-09-01 07:15:00,0.0,0.0003
kV2c_ALUMAXINC I_LPData,2025-09-01 07:30:00,0.0,0.0003
kV2c_ALUMAXINC I_LPData,2025-09-01 07:45:00,0.0,0.0003
kV2c_ALUMAXINC I_LPData,2025-09-01 08:00:00,0.0,0.0003
kV2c_ALUMAXINC I_LPData,2025-09-01 08:15:00,0.0,0.0003
kV2c_ALUMAXINC I_LPData,2025-09-01 08:30:00,0.0,0.0003
kV2c_ALUMAXINC I_LPData,2025-09-01 08:45:00,0.0001,0.0003
kV2c_ALUMAXINC I_LPData,2025-09-01 09:00:00,0.0,0.0003
kV2c_ALUMAXINC I_LPData,2025-09-01 09:15:00,0.0,0.0003
kV2c_ALUMAXINC I_LPData,2025-09-01 09:30:00,0.0,0.0003
kV2c_ALUMAXINC I_LPData,2025-09-01 09:45:00,0.0,0.0003
kV2c_ALUMAXINC I_LPData,2025-09-01 10:00:00,0.0,0.0003
kV2c_ALUMAXINC I_LPData,2025-09-01 10:15:00,0.0,0.0003
kV2c_APLICARD_LPData,2025-09-01 00:00:00,0.02,0.041
kV2c_APLICARD_LPData,2025-09-01 00:15:00,0.02,0.0416
kV2c_APLICARD_LPData,2025-09-01 00:30:00,0.0201,0.0419
kV2c_APLICARD_LPData,2025-09-01 00:45:00,0.02,0.0417
kV2c_APLICARD_LPData,2025-09-01 01:00:00,0.0206,0.0427
kV2c_APLICARD_LPData,2025-09-01 01:15:00,0.02,0.0422
kV2c_APLICARD_LPData,2025-09-01 01:30:00,0.02,0.0423
kV2c_APLICARD_LPData,2025-09-01 01:45:00,0.02,0.0428
kV2c_APLICARD_LPData,2025-09-01 02:00:00,0.0201,0.0427
kV2c_APLICARD_LPData,2025-09-01 02:15:00,0.02,0.0427
kV2c_APLICARD_LPData,2025-09-01 02:30:00,0.0207,0.0437
kV2c_APLICARD_LPData,2025-09-01 02:45:00,0.0202,0.0425
kV2c_APLICARD_LPData,2025-09-01 03:00:00,0.0202,0.0427
kV2c_APLICARD_LPData,2025-09-01 03:15:00,0.0206,0.0427
kV2c_APLICARD_LPData,2025-09-01 03:30:00,0.0208,0.0418
kV2c_APLICARD_LPData,2025-09-01 03:45:00,0.0207,0.0414
kV2c_APLICARD_LPData,2025-09-01 04:00:00,0.0212,0.0422
kV2c_APLICARD_LPData,2025-09-01 04:15:00,0.0209,0.0418
kV2c_APLICARD_LPData,2025-09-01 04:30:00,0.0206,0.0418
kV2c_APLICARD_LPData,2025-09-01 04:45:00,0.0202,0.0419
kV2c_APLICARD_LPData,2025-09-01 05:00:00,0.0203,0.0417
kV2c_APLICARD_LPData,2025-09-01 05:15:00,0.0202,0.041
kV2c_APLICARD_LPData,2025-09-01 05:30:00,0.0206,0.0413
kV2c_APLICARD_LPData,2025-09-01 05:45:00,0.0203,0.0402
kV2c_APLICARD_LPData,2025-09-01 06:00:00,0.0201,0.0391
kV2c_APLICARD_LPData,2025-09-01 06:15:00,0.02,0.0387
kV2c_APLICARD_LPData,2025-09-01 06:30:00,0.0199,0.0379
kV2c_APLICARD_LPData,2025-09-01 06:45:00,0.0199,0.0367
kV2c_APLICARD_LPData,2025-09-01 07:00:00,0.0201,0.0369
kV2c_APLICARD_LPData,2025-09-01 07:15:00,0.0201,0.037
kV2c_AREA COMUN ARRIOR_LPData,2025-09-01 00:00:00,0.0006,0.0031
kV2c_AREA COMUN ARRIOR_LPData,2025-09-01 00:15:00,0.0006,0.0031
kV2c_AREA COMUN ARRIOR_LPData,2025-09-01 00:30:00,0.0006,0.0031
kV2c_AREA COMUN ARRIOR_LPData,2025-09-01 00:45:00,0.0006,0.0031
kV2c_AREA COMUN ARRIOR_LPData,2025-09-01 01:00:00,0.0006,0.0031
kV2c_AREA COMUN ARRIOR_LPData,2025-09-01 01:15:00,0.0006,0.0031
kV2c_AREA COMUN ARRIOR_LPData,2025-09-01 01:30:00,0.0006,0.0032
kV2c_AREA COMUN ARRIOR_LPData,2025-09-01 01:45:00,0.0006,0.0032
kV2c_AREA COMUN ARRIOR_LPData,2025-09-01 02:00:00,0.0006,0.0032
kV2c_AREA COMUN ARRIOR_LPData,2025-09-01 02:15:00,0.0006,0.0032
kV2c_AREA COMUN ARRIOR_LPData,2025-09-01 02:30:00,0.0006,0.0032
kV2c_AREA COMUN ARRIOR_LPData,2025-09-01 02:45:00,0.0006,0.0032
kV2c_AREA COMUN ARRIOR_LPData,2025-09-01 03:00:00,0.0006,0.0032
kV2c_AREA COMUN ARRIOR_LPData,2025-09-01 03:15:00,0.0006,0.0032
kV2c_AREA COMUN ARRIOR_LPData,2025-09-01 03:30:00,0.0006,0.0032
kV2c_AREA COMUN ARRIOR_LPData,2025-09-01 03:45:00,0.0006,0.0032
kV2c_AREA COMUN ARRIOR_LPData,2025-09-01 04:00:00,0.0006,0.0031
kV2c_AREA COMUN ARRIOR_LPData,2025-09-01 04:15:00,0.0006,0.0032
kV2c_AREA COMUN ARRIOR_LPData,2025-09-01 04:30:00,0.0006,0.0032
kV2c_AREA COMUN ARRIOR_LPData,2025-09-01 04:45:00,0.0006,0.0032
kV2c_AREA COMUN ARRIOR_LPData,2025-09-01 05:00:00,0.0006,0.0032
kV2c_AREA COMUN ARRIOR_LPData,2025-09-01 05:15:00,0.0006,0.0031
kV2c_AREA COMUN ARRIOR_LPData,2025-09-01 05:30:00,0.0006,0.0031
kV2c_AREA COMUN ARRIOR_LPData,2025-09-01 05:45:00,0.0006,0.0031
kV2c_AREA COMUN ARRIOR_LPData,2025-09-01 06:00:00,0.0006,0.003
kV2c_AREA COMUN ARRIOR_LPData,2025-09-01 06:15:00,0.0006,0.003
kV2c_AREA COMUN ARRIOR_LPData,2025-09-01 06:30:00,0.0006,0.003
kV2c_AREA COMUN ARRIOR_LPData,2025-09-01 06:45:00,0.0005,0.0029
kV2c_AREA COMUN ARRIOR_LPData,2025-09-01 07:00:00,0.0006,0.0029
kV2c_AREA COMUN ARRIOR_LPData,2025-09-01 07:15:00,0.0005,0.0029
kV2c_AREA COMUN ARRIOR_LPData,2025-09-01 07:30:00,0.0006,0.0029
kV2c_AREA COMUN ARRIOR_LPData,2025-09-01 07:45:00,0.0005,0.0029
kV2c_AREA COMUN ARRIOR_LPData,2025-09-01 08:00:00,0.0005,0.0028
kV2c_AREA COMUN ARRIOR_LPData,2025-09-01 08:15:00,0.0005,0.0028
kV2c_AREA COMUN ARRIOR_LPData,2025-09-01 08:30:00,0.0006,0.0029
kV2c_AREA COMUN ARRIOR_LPData,2025-09-01 08:45:00,0.0005,0.0029
kV2c_AREA COMUN ARRIOR_LPData,2025-09-01 09:00:00,0.0005,0.0029
kV2c_AREA COMUN ARRIOR_LPData,2025-09-01 09:15:00,0.0006,0.0029
kV2c_AREA COMUN ARRIOR_LPData,2025-09-01 09:30:00,0.0005,0.0029
kV2c_AREA COMUN ARRIOR_LPData,2025-09-01 09:45:00,0.0006,0.0029
kV2c_AREA COMUN ARRIOR_LPData,2025-09-01 10:00:00,0.0005,0.0029
kV2c_AREA COMUN ARRIOR_LPData,2025-09-01 10:15:00,0.0006,0.003
kV2c_AREA COMUN ARRIOR_LPData,2025-09-01 10:30:00,0.0005,0.003
kV2c_ARRIOL JHONSON_LPData,2025-09-01 00:00:00,0.0101,0.0358
kV2c_ARRIOL JHONSON_LPData,2025-09-01 00:15:00,0.0107,0.0368
kV2c_ARRIOL JHONSON_LPData,2025-09-01 00:30:00,0.0108,0.0373
kV2c_ARRIOL JHONSON_LPData,2025-09-01 00:45:00,0.0104,0.0366
kV2c_ARRIOL JHONSON_LPData,2025-09-01 01:00:00,0.01,0.0364
kV2c_ARRIOL JHONSON_LPData,2025-09-01 01:15:00,0.0105,0.0369
kV2c_ARRIOL JHONSON_LPData,2025-09-01 01:30:00,0.0104,0.0373
kV2c_ARRIOL JHONSON_LPData,2025-09-01 01:45:00,0.0105,0.0376
kV2c_ARRIOL JHONSON_LPData,2025-09-01 02:00:00,0.0105,0.0374
kV2c_ARRIOL JHONSON_LPData,2025-09-01 02:15:00,0.0105,0.037
kV2c_ARRIOL JHONSON_LPData,2025-09-01 02:30:00,0.0102,0.0374
kV2c_ARRIOL JHONSON_LPData,2025-09-01 02:45:00,0.0105,0.0376
kV2c_ARRIOL JHONSON_LPData,2025-09-01 03:00:00,0.0104,0.0377
kV2c_ARRIOL JHONSON_LPData,2025-09-01 03:15:00,0.0107,0.0383
kV2c_ARRIOL JHONSON_LPData,2025-09-01 03:30:00,0.0107,0.0379
kV2c_ARRIOL JHONSON_LPData,2025-09-01 03:45:00,0.0101,0.037
kV2c_ARRIOL JHONSON_LPData,2025-09-01 04:00:00,0.01,0.037
kV2c_ARRIOL JHONSON_LPData,2025-09-01 04:15:00,0.0103,0.0374
kV2c_ARRIOL JHONSON_LPData,2025-09-01 04:30:00,0.0101,0.0375
kV2c_ARRIOL JHONSON_LPData,2025-09-01 04:45:00,0.0103,0.0375
kV2c_ARRIOL JHONSON_LPData,2025-09-01 05:00:00,0.0105,0.0378
kV2c_ARRIOL JHONSON_LPData,2025-09-01 05:15:00,0.0102,0.0368
kV2c_ARRIOL JHONSON_LPData,2025-09-01 05:30:00,0.0099,0.0363
kV2c_ARRIOL JHONSON_LPData,2025-09-01 05:45:00,0.0098,0.0358
kV2c_ARRIOL JHONSON_LPData,2025-09-01 06:00:00,0.0101,0.0356
kV2c_ARRIOL JHONSON_LPData,2025-09-01 06:15:00,0.01,0.0354
kV2c_ARRIOL JHONSON_LPData,2025-09-01 06:30:00,0.0099,0.0348
kV2c_ARRIOL JHONSON_LPData,2025-09-01 06:45:00,0.01,0.0341
kV2c_ARRIOL JHONSON_LPData,2025-09-01 07:00:00,0.0099,0.0339
kV2c_ARRIOL JHONSON_LPData,2025-09-01 07:15:00,0.0095,0.0334
kV2c_ARRIOL JHONSON_LPData,2025-09-01 07:30:00,0.0098,0.0336
kV2c_AZO DR_LPData,2025-09-01 00:00:00,0.1484,0.0109
kV2c_AZO DR_LPData,2025-09-01 00:15:00,0.1474,0.0117
kV2c_AZO DR_LPData,2025-09-01 00:30:00,0.1385,0.0138
kV2c_AZO DR_LPData,2025-09-01 00:45:00,0.1375,0.0139
kV2c_AZO DR_LPData,2025-09-01 01:00:00,0.101,0.01
kV2c_AZO DR_LPData,2025-09-01 01:15:00,0.1189,0.0115
kV2c_AZO DR_LPData,2025-09-01 01:30:00,0.1376,0.0136
kV2c_AZO DR_LPData,2025-09-01 01:45:00,0.1366,0.0134
kV2c_AZO DR_LPData,2025-09-01 02:00:00,0.1362,0.0133
kV2c_AZO DR_LPData,2025-09-01 02:15:00,0.1319,0.0132
kV2c_AZO DR_LPData,2025-09-01 02:30:00,0.119,0.012
kV2c_AZO DR_LPData,2025-09-01 02:45:00,0.1364,0.0137
kV2c_AZO DR_LPData,2025-09-01 03:00:00,0.0957,0.0095
kV2c_AZO DR_LPData,2025-09-01 03:15:00,0.1292,0.0128
kV2c_AZO DR_LPData,2025-09-01 03:30:00,0.1383,0.0134
kV2c_AZO DR_LPData,2025-09-01 03:45:00,0.138,0.0135
kV2c_AZO DR_LPData,2025-09-01 04:00:00,0.1381,0.0139
kV2c_AZO DR_LPData,2025-09-01 04:15:00,0.1373,0.0134
kV2c_AZO DR_LPData,2025-09-01 04:30:00,0.1378,0.0138
kV2c_AZO DR_LPData,2025-09-01 04:45:00,0.0599,0.0031
kV2c_AZO DR_LPData,2025-09-01 05:00:00,0.0427,0.0
kV2c_AZO DR_LPData,2025-09-01 05:15:00,0.0526,0.0
kV2c_AZO DR_LPData,2025-09-01 05:30:00,0.0523,0.0
kV2c_AZO DR_LPData,2025-09-01 05:45:00,0.0463,0.0
kV2c_AZO DR_LPData,2025-09-01 06:00:00,0.0535,0.0
kV2c_AZO DR_LPData,2025-09-01 06:15:00,0.053,0.0
kV2c_AZO DR_LPData,2025-09-01 06:30:00,0.0656,0.009
kV2c_AZO DR_LPData,2025-09-01 06:45:00,0.1428,0.0336
kV2c_AZO DR_LPData,2025-09-01 07:00:00,0.1876,0.0376
kV2c_AZO DR_LPData,2025-09-01 07:15:00,0.2067,0.0405
kV2c_AZO DR_LPData,2025-09-01 07:30:00,0.2065,0.0403
kV2c_AZO DR_LPData,2025-09-01 07:45:00,0.1831,0.0374
kV2c_AZO DR_LPData,2025-09-01 08:00:00,0.1986,0.0417
kV2c_BOMBA ACUEDUCTO_LPData,2025-09-01 00:00:00,0.203,0.0
kV2c_BOMBA ACUEDUCTO_LPData,2025-09-01 00:15:00,0.1492,0.0
kV2c_BOMBA ACUEDUCTO_LPData,2025-09-01 00:30:00,0.1484,0.0
kV2c_BOMBA ACUEDUCTO_LPData,2025-09-01 00:45:00,0.1068,0.0
kV2c_BOMBA ACUEDUCTO_LPData,2025-09-01 01:00:00,0.1604,0.0
kV2c_BOMBA ACUEDUCTO_LPData,2025-09-01 01:15:00,0.1138,0.0
kV2c_BOMBA ACUEDUCTO_LPData,2025-09-01 01:30:00,0.2118,0.0
kV2c_BOMBA ACUEDUCTO_LPData,2025-09-01 01:45:00,0.128,0.0
kV2c_BOMBA ACUEDUCTO_LPData,2025-09-01 02:00:00,0.0893,0.0
kV2c_BOMBA ACUEDUCTO_LPData,2025-09-01 02:15:00,0.174,0.0
kV2c_BOMBA ACUEDUCTO_LPData,2025-09-01 02:30:00,0.0892,0.0
kV2c_BOMBA ACUEDUCTO_LPData,2025-09-01 02:45:00,0.1506,0.0
kV2c_BOMBA ACUEDUCTO_LPData,2025-09-01 03:00:00,0.1372,0.0
kV2c_BOMBA ACUEDUCTO_LPData,2025-09-01 03:15:00,0.1388,0.0
kV2c_BOMBA ACUEDUCTO_LPData,2025-09-01 03:30:00,0.2234,0.0
kV2c_BOMBA ACUEDUCTO_LPData,2025-09-01 03:45:00,0.1061,0.0
kV2c_BOMBA ACUEDUCTO_LPData,2025-09-01 04:00:00,0.1591,0.0
kV2c_BOMBA ACUEDUCTO_LPData,2025-09-01 04:15:00,0.1566,0.0
kV2c_BOMBA ACUEDUCTO_LPData,2025-09-01 04:30:00,0.1269,0.0
kV2c_BOMBA ACUEDUCTO_LPData,2025-09-01 04:45:00,0.1627,0.0
kV2c_BOMBA ACUEDUCTO_LPData,2025-09-01 05:00:00,0.1175,0.0
kV2c_BOMBA ACUEDUCTO_LPData,2025-09-01 05:15:00,0.2081,0.0
kV2c_BOMBA ACUEDUCTO_LPData,2025-09-01 05:30:00,0.0935,0.0
kV2c_BOMBA ACUEDUCTO_LPData,2025-09-01 05:45:00,0.2231,0.0
kV2c_BOMBA ACUEDUCTO_LPData,2025-09-01 06:00:00,0.1833,0.0
kV2c_BOMBA ACUEDUCTO_LPData,2025-09-01 06:15:00,0.1135,0.0
kV2c_BOMBA ACUEDUCTO_LPData,2025-09-01 06:30:00,0.2006,0.0
kV2c_CONCENTRIX_LPData,2025-09-01 00:00:00,0.0641,0.032
kV2c_CONCENTRIX_LPData,2025-09-01 00:15:00,0.0532,0.0246
kV2c_CONCENTRIX_LPData,2025-09-01 00:30:00,0.0325,0.0124
kV2c_CONCENTRIX_LPData,2025-09-01 00:45:00,0.032,0.013
kV2c_CONCENTRIX_LPData,2025-09-01 01:00:00,0.031,0.0127
kV2c_CONCENTRIX_LPData,2025-09-01 01:15:00,0.0316,0.0125
kV2c_CONCENTRIX_LPData,2025-09-01 01:30:00,0.0314,0.0126
kV2c_CONCENTRIX_LPData,2025-09-01 01:45:00,0.0321,0.0131
kV2c_CONCENTRIX_LPData,2025-09-01 02:00:00,0.031,0.0129
kV2c_CONCENTRIX_LPData,2025-09-01 02:15:00,0.0318,0.013
kV2c_CONCENTRIX_LPData,2025-09-01 02:30:00,0.0311,0.0126
kV2c_CONCENTRIX_LPData,2025-09-01 02:45:00,0.0311,0.0131
kV2c_CONCENTRIX_LPData,2025-09-01 03:00:00,0.0315,0.013
kV2c_CONCENTRIX_LPData,2025-09-01 03:15:00,0.0319,0.0129
kV2c_CONCENTRIX_LPData,2025-09-01 03:30:00,0.031,0.0129
kV2c_CONCENTRIX_LPData,2025-09-01 03:45:00,0.0312,0.0127
kV2c_CONCENTRIX_LPData,2025-09-01 04:00:00,0.0313,0.0128
kV2c_CONCENTRIX_LPData,2025-09-01 04:15:00,0.0311,0.0127
kV2c_CONCENTRIX_LPData,2025-09-01 04:30:00,0.0311,0.0128
kV2c_CONCENTRIX_LPData,2025-09-01 04:45:00,0.0312,0.013
kV2c_CONCENTRIX_LPData,2025-09-01 05:00:00,0.0305,0.0128
kV2c_CONCENTRIX_LPData,2025-09-01 05:15:00,0.0314,0.0124
kV2c_CONCENTRIX_LPData,2025-09-01 05:30:00,0.0308,0.0127
kV2c_CONCENTRIX_LPData,2025-09-01 05:45:00,0.0308,0.0126
kV2c_CONCENTRIX_LPData,2025-09-01 06:00:00,0.0352,0.0129
kV2c_CONCENTRIX_LPData,2025-09-01 06:15:00,0.0644,0.0318
kV2c_CONCENTRIX_LPData,2025-09-01 06:30:00,0.0626,0.0307
kV2c_CONCENTRIX_LPData,2025-09-01 06:45:00,0.0619,0.03
kV2c_CONDUENT SOLUCTION_LPData,2025-09-01 00:00:00,0.0327,0.0091
kV2c_CONDUENT SOLUCTION_LPData,2025-09-01 00:15:00,0.0298,0.0087
kV2c_CONDUENT SOLUCTION_LPData,2025-09-01 00:30:00,0.0288,0.0085
kV2c_CONDUENT SOLUCTION_LPData,2025-09-01 00:45:00,0.0283,0.0086
kV2c_CONDUENT SOLUCTION_LPData,2025-09-01 01:00:00,0.0295,0.0089
kV2c_CONDUENT SOLUCTION_LPData,2025-09-01 01:15:00,0.0296,0.0089
kV2c_CONDUENT SOLUCTION_LPData,2025-09-01 01:30:00,0.029,0.0087
kV2c_CONDUENT SOLUCTION_LPData,2025-09-01 01:45:00,0.0284,0.0088
kV2c_CONDUENT SOLUCTION_LPData,2025-09-01 02:00:00,0.0277,0.0087
kV2c_CONDUENT SOLUCTION_LPData,2025-09-01 02:15:00,0.0281,0.0084
kV2c_CONDUENT SOLUCTION_LPData,2025-09-01 02:30:00,0.0287,0.0088
kV2c_CONDUENT SOLUCTION_LPData,2025-09-01 02:45:00,0.029,0.0086
kV2c_CONDUENT SOLUCTION_LPData,2025-09-01 03:00:00,0.0275,0.0086
kV2c_CONDUENT SOLUCTION_LPData,2025-09-01 03:15:00,0.0277,0.0087
kV2c_CONDUENT SOLUCTION_LPData,2025-09-01 03:30:00,0.0287,0.0087
kV2c_CONDUENT SOLUCTION_LPData,2025-09-01 03:45:00,0.0271,0.0086
kV2c_CONDUENT SOLUCTION_LPData,2025-09-01 04:00:00,0.0275,0.0086
kV2c_CONDUENT SOLUCTION_LPData,2025-09-01 04:15:00,0.0275,0.0086
kV2c_CONDUENT SOLUCTION_LPData,2025-09-01 04:30:00,0.0286,0.0087
kV2c_CONDUENT SOLUCTION_LPData,2025-09-01 04:45:00,0.0284,0.0088
kV2c_CONDUENT SOLUCTION_LPData,2025-09-01 05:00:00,0.0274,0.0087
kV2c_CONDUENT SOLUCTION_LPData,2025-09-01 05:15:00,0.0272,0.0084
kV2c_CONDUENT SOLUCTION_LPData,2025-09-01 05:30:00,0.0285,0.0085
kV2c_CONTINUUM_LPData,2025-09-01 00:00:00,0.0722,0.0237
kV2c_CONTINUUM_LPData,2025-09-01 00:15:00,0.0741,0.025
kV2c_CONTINUUM_LPData,2025-09-01 00:30:00,0.0709,0.023
kV2c_CONTINUUM_LPData,2025-09-01 00:45:00,0.0736,0.0249
kV2c_CONTINUUM_LPData,2025-09-01 01:00:00,0.0707,0.0229
kV2c_CONTINUUM_LPData,2025-09-01 01:15:00,0.0717,0.0236
kV2c_CONTINUUM_LPData,2025-09-01 01:30:00,0.0712,0.0237
kV2c_CONTINUUM_LPData,2025-09-01 01:45:00,0.0692,0.0219
kV2c_CONTINUUM_LPData,2025-09-01 02:00:00,0.0706,0.0233
kV2c_CONTINUUM_LPData,2025-09-01 02:15:00,0.0692,0.0221
kV2c_CONTINUUM_LPData,2025-09-01 02:30:00,0.0686,0.022
kV2c_CONTINUUM_LPData,2025-09-01 02:45:00,0.069,0.0219
kV2c_CONTINUUM_LPData,2025-09-01 03:00:00,0.0685,0.0217
kV2c_CONTINUUM_LPData,2025-09-01 03:15:00,0.0673,0.0207
kV2c_CONTINUUM_LPData,2025-09-01 03:30:00,0.0673,0.0209
kV2c_CONTINUUM_LPData,2025-09-01 03:45:00,0.0677,0.0212
kV2c_CONTINUUM_LPData,2025-09-01 04:00:00,0.0655,0.0199
kV2c_CONTINUUM_LPData,2025-09-01 04:15:00,0.0673,0.0213
kV2c_CONTINUUM_LPData,2025-09-01 04:30:00,0.0675,0.0217
kV2c_CONTINUUM_LPData,2025-09-01 04:45:00,0.0649,0.0194
kV2c_CONTINUUM_LPData,2025-09-01 05:00:00,0.0679,0.0213
kV2c_CONTINUUM_LPData,2025-09-01 05:15:00,0.0637,0.0186
kV2c_CONTINUUM_LPData,2025-09-01 05:30:00,0.0677,0.021
kV2c_CORFLEX_LPData,2025-09-01 00:00:00,0.0193,0.0498
kV2c_CORFLEX_LPData,2025-09-01 00:15:00,0.0194,0.0503
kV2c_CORFLEX_LPData,2025-09-01 00:30:00,0.0193,0.0498
kV2c_CORFLEX_LPData,2025-09-01 00:45:00,0.0194,0.0499
kV2c_CORFLEX_LPData,2025-09-01 01:00:00,0.0204,0.051
kV2c_CORFLEX_LPData,2025-09-01 01:15:00,0.0198,0.0506
kV2c_CORFLEX_LPData,2025-09-01 01:30:00,0.0197,0.0502
kV2c_CORFLEX_LPData,2025-09-01 01:45:00,0.0187,0.0508
kV2c_CORFLEX_LPData,2025-09-01 02:00:00,0.0197,0.0516
kV2c_CORFLEX_LPData,2025-09-01 02:15:00,0.0193,0.0513
kV2c_CORFLEX_LPData,2025-09-01 02:30:00,0.0192,0.0511
kV2c_CORFLEX_LPData,2025-09-01 02:45:00,0.019,0.0512
kV2c_CORFLEX_LPData,2025-09-01 03:00:00,0.0195,0.0521
kV2c_CORFLEX_LPData,2025-09-01 03:15:00,0.0193,0.0513
kV2c_CORFLEX_LPData,2025-09-01 03:30:00,0.0187,0.0507
kV2c_CORFLEX_LPData,2025-09-01 03:45:00,0.0192,0.0503
kV2c_CORFLEX_LPData,2025-09-01 04:00:00,0.0198,0.0515
kV2c_CORFLEX_LPData,2025-09-01 04:15:00,0.0196,0.0511
kV2c_CORFLEX_LPData,2025-09-01 04:30:00,0.0183,0.0505
kV2c_CORFLEX_LPData,2025-09-01 04:45:00,0.0193,0.051
kV2c_CORFLEX_LPData,2025-09-01 05:00:00,0.02,0.0514
kV2c_CORFLEX_LPData,2025-09-01 05:15:00,0.0193,0.0502
kV2c_CORFLEX_LPData,2025-09-01 05:30:00,0.0184,0.0493
kV2c_CORFLEX_LPData,2025-09-01 05:45:00,0.019,0.0491
kV2c_E-CYCLING 1_LPData,2025-09-01 00:00:00,0.0,0.0
kV2c_E-CYCLING 1_LPData,2025-09-01 00:15:00,0.0,0.0
kV2c_E-CYCLING 1_LPData,2025-09-01 00:30:00,0.0,0.0
kV2c_E-CYCLING 1_LPData,2025-09-01 00:45:00,0.0,0.0
kV2c_E-CYCLING 1_LPData,2025-09-01 01:00:00,0.0,0.0
kV2c_E-CYCLING 1_LPData,2025-09-01 01:15:00,0.0,0.0
kV2c_E-CYCLING 1_LPData,2025-09-01 01:30:00,0.0,0.0
kV2c_E-CYCLING 1_LPData,2025-09-01 01:45:00,0.0,0.0
kV2c_E-CYCLING 1_LPData,2025-09-01 02:00:00,0.0,0.0
kV2c_E-CYCLING 1_LPData,2025-09-01 02:15:00,0.0,0.0
kV2c_E-CYCLING 1_LPData,2025-09-01 02:30:00,0.0,0.0
kV2c_E-CYCLING 1_LPData,2025-09-01 02:45:00,0.0,0.0
kV2c_E-CYCLING 1_LPData,2025-09-01 03:00:00,0.0,0.0
kV2c_E-CYCLING 1_LPData,2025-09-01 03:15:00,0.0,0.0
kV2c_E-CYCLING 1_LPData,2025-09-01 03:30:00,0.0,0.0
kV2c_E-CYCLING 1_LPData,2025-09-01 03:45:00,0.0,0.0
kV2c_E-CYCLING 1_LPData,2025-09-01 04:00:00,0.0,0.0
kV2c_E-CYCLING 1_LPData,2025-09-01 04:15:00,0.0,0.0
kV2c_E-CYCLING 1_LPData,2025-09-01 04:30:00,0.0,0.0
kV2c_E-CYCLING 1_LPData,2025-09-01 04:45:00,0.0,0.0
kV2c_E-CYCLING 1_LPData,2025-09-01 05:00:00,0.0,0.0
kV2c_E-CYCLING 1_LPData,2025-09-01 05:15:00,0.0,0.0
kV2c_E-CYCLING 1_LPData,2025-09-01 05:30:00,0.0,0.0
kV2c_E-CYCLING 1_LPData,2025-09-01 05:45:00,0.0,0.0
kV2c_ECYCLING 2_LPData,2025-09-01 00:00:00,0.0076,0.004
kV2c_ECYCLING 2_LPData,2025-09-01 00:15:00,0.0076,0.0039
kV2c_ECYCLING 2_LPData,2025-09-01 00:30:00,0.0077,0.0034
kV2c_ECYCLING 2_LPData,2025-09-01 00:45:00,0.0077,0.0035
kV2c_ECYCLING 2_LPData,2025-09-01 01:00:00,0.0077,0.0034
kV2c_ECYCLING 2_LPData,2025-09-01 01:15:00,0.0076,0.0037
kV2c_ECYCLING 2_LPData,2025-09-01 01:30:00,0.0075,0.0039
kV2c_ECYCLING 2_LPData,2025-09-01 01:45:00,0.0075,0.0039
kV2c_ECYCLING 2_LPData,2025-09-01 02:00:00,0.0075,0.0039
kV2c_ECYCLING 2_LPData,2025-09-01 02:15:00,0.0075,0.0039
kV2c_ECYCLING 2_LPData,2025-09-01 02:30:00,0.0077,0.0035
kV2c_ECYCLING 2_LPData,2025-09-01 02:45:00,0.0077,0.0033
kV2c_ECYCLING 2_LPData,2025-09-01 03:00:00,0.0075,0.0037
kV2c_ECYCLING 2_LPData,2025-09-01 03:15:00,0.0075,0.0038
kV2c_ECYCLING 2_LPData,2025-09-01 03:30:00,0.0074,0.0039
kV2c_ECYCLING 2_LPData,2025-09-01 03:45:00,0.0074,0.0038
kV2c_ECYCLING 2_LPData,2025-09-01 04:00:00,0.0076,0.0034
kV2c_ECYCLING 2_LPData,2025-09-01 04:15:00,0.0076,0.0034
kV2c_ECYCLING 2_LPData,2025-09-01 04:30:00,0.0074,0.0037
kV2c_ECYCLING 2_LPData,2025-09-01 04:45:00,0.0072,0.0032
kV2c_ECYCLING 2_LPData,2025-09-01 05:00:00,0.0072,0.0034
kV2c_ECYCLING 2_LPData,2025-09-01 05:15:00,0.0075,0.0036
kV2c_ECYCLING 2_LPData,2025-09-01 05:30:00,0.0076,0.0033
kV2c_ECYCLING 2_LPData,2025-09-01 05:45:00,0.0076,0.0033
kV2c_HANES CARIBE_LPData,2025-09-01 00:00:00,0.0035,0.0062
kV2c_HANES CARIBE_LPData,2025-09-01 00:15:00,0.0036,0.0064
kV2c_HANES CARIBE_LPData,2025-09-01 00:30:00,0.0035,0.0064
kV2c_HANES CARIBE_LPData,2025-09-01 00:45:00,0.0035,0.0064
kV2c_HANES CARIBE_LPData,2025-09-01 01:00:00,0.0035,0.0064
kV2c_HANES CARIBE_LPData,2025-09-01 01:15:00,0.0036,0.0065
kV2c_HANES CARIBE_LPData,2025-09-01 01:30:00,0.0036,0.0065
kV2c_HANES CARIBE_LPData,2025-09-01 01:45:00,0.0036,0.0066
kV2c_HANES CARIBE_LPData,2025-09-01 02:00:00,0.0036,0.0066
kV2c_HANES CARIBE_LPData,2025-09-01 02:15:00,0.0035,0.0066
kV2c_HANES CARIBE_LPData,2025-09-01 02:30:00,0.0036,0.0066
kV2c_HANES CARIBE_LPData,2025-09-01 02:45:00,0.0035,0.0066
kV2c_HANES CARIBE_LPData,2025-09-01 03:00:00,0.0036,0.0066
kV2c_HANES CARIBE_LPData,2025-09-01 03:15:00,0.0036,0.0066
kV2c_HANES CARIBE_LPData,2025-09-01 03:30:00,0.0034,0.0065
kV2c_HANES CARIBE_LPData,2025-09-01 03:45:00,0.0034,0.0065
kV2c_HANES CARIBE_LPData,2025-09-01 04:00:00,0.0036,0.0066
kV2c_HANES CARIBE_LPData,2025-09-01 04:15:00,0.0036,0.0066
kV2c_HANES CARIBE_LPData,2025-09-01 04:30:00,0.0035,0.0066
kV2c_HANES CARIBE_LPData,2025-09-01 04:45:00,0.0037,0.0067
kV2c_HANES CARIBE_LPData,2025-09-01 05:00:00,0.0041,0.0067
kV2c_HANES CARIBE_LPData,2025-09-01 05:15:00,0.0036,0.0064
kV2c_HANES CARIBE_LPData,2025-09-01 05:30:00,0.0035,0.0063
kV2c_HANES CARIBE_LPData,2025-09-01 05:45:00,0.0074,0.0093
kV2c_HANES CARIBE_LPData,2025-09-01 06:00:00,0.0507,0.0473
kV2c_HANES CARIBE_LPData,2025-09-01 06:15:00,0.0554,0.0504
kV2c_HANES CARIBE_LPData,2025-09-01 06:30:00,0.0562,0.0499
kV2c_HANES CARIBE_LPData,2025-09-01 06:45:00,0.0696,0.0569
kV2c_INGENIUM 2_LPData,2025-09-01 00:00:00,0.0264,0.0544
kV2c_INGENIUM 2_LPData,2025-09-01 00:15:00,0.0344,0.0567
kV2c_INGENIUM 2_LPData,2025-09-01 00:30:00,0.0281,0.0557
kV2c_INGENIUM 2_LPData,2025-09-01 00:45:00,0.0235,0.0554
kV2c_INGENIUM 2_LPData,2025-09-01 01:00:00,0.0212,0.0549
kV2c_INGENIUM 2_LPData,2025-09-01 01:15:00,0.0248,0.0555
kV2c_INGENIUM 2_LPData,2025-09-01 01:30:00,0.0314,0.0577
kV2c_INGENIUM 2_LPData,2025-09-01 01:45:00,0.0248,0.0566
kV2c_INGENIUM 2_LPData,2025-09-01 02:00:00,0.0248,0.0563
kV2c_INGENIUM 2_LPData,2025-09-01 02:15:00,0.0239,0.0571
kV2c_INGENIUM 2_LPData,2025-09-01 02:30:00,0.0259,0.0568
kV2c_INGENIUM 2_LPData,2025-09-01 02:45:00,0.0291,0.0569
kV2c_INGENIUM 2_LPData,2025-09-01 03:00:00,0.0251,0.0577
kV2c_INGENIUM 2_LPData,2025-09-01 03:15:00,0.0242,0.0568
kV2c_INGENIUM 2_LPData,2025-09-01 03:30:00,0.0253,0.056
kV2c_INGENIUM 2_LPData,2025-09-01 03:45:00,0.0307,0.0567
kV2c_INGENIUM 2_LPData,2025-09-01 04:00:00,0.0247,0.0559
kV2c_INGENIUM 2_LPData,2025-09-01 04:15:00,0.024,0.0558
kV2c_INGENIUM 2_LPData,2025-09-01 04:30:00,0.0251,0.0567
kV2c_INGENIUM 2_LPData,2025-09-01 04:45:00,0.0304,0.057
kV2c_INGENIUM 2_LPData,2025-09-01 05:00:00,0.0239,0.0559
kV2c_INGENIUM 2_LPData,2025-09-01 05:15:00,0.0251,0.0554
kV2c_INGENIUM 2_LPData,2025-09-01 05:30:00,0.027,0.055
kV2c_INGENIUM 2_LPData,2025-09-01 05:45:00,0.0264,0.0537
kV2c_INGENIUM 2_LPData,2025-09-01 06:00:00,0.0236,0.0527
kV2c_INGENIUM 2_LPData,2025-09-01 06:15:00,0.0242,0.0518
kV2c_INGENIUM 2_LPData,2025-09-01 06:30:00,0.0267,0.0505
kV2c_INGENIUM 2_LPData,2025-09-01 06:45:00,0.0269,0.0495
kV2c_INGENIUM 2_LPData,2025-09-01 07:00:00,0.0248,0.0487
kV2c_INGENIUM 2_LPData,2025-09-01 07:15:00,0.0276,0.0487
kV2c_INGENIUM DEUS 1_LPData,2025-09-01 00:00:00,0.003,0.0015
kV2c_INGENIUM DEUS 1_LPData,2025-09-01 00:15:00,0.003,0.0015
kV2c_INGENIUM DEUS 1_LPData,2025-09-01 00:30:00,0.003,0.0015
kV2c_INGENIUM DEUS 1_LPData,2025-09-01 00:45:00,0.003,0.0016
kV2c_INGENIUM DEUS 1_LPData,2025-09-01 01:00:00,0.0029,0.0015
kV2c_INGENIUM DEUS 1_LPData,2025-09-01 01:15:00,0.0028,0.0016
kV2c_INGENIUM DEUS 1_LPData,2025-09-01 01:30:00,0.0027,0.0016
kV2c_INGENIUM DEUS 1_LPData,2025-09-01 01:45:00,0.0029,0.0016
kV2c_INGENIUM DEUS 1_LPData,2025-09-01 02:00:00,0.003,0.0016
kV2c_INGENIUM DEUS 1_LPData,2025-09-01 02:15:00,0.003,0.0016
kV2c_INGENIUM DEUS 1_LPData,2025-09-01 02:30:00,0.003,0.0016
kV2c_INGENIUM DEUS 1_LPData,2025-09-01 02:45:00,0.003,0.0016
kV2c_INGENIUM DEUS 1_LPData,2025-09-01 03:00:00,0.0035,0.0016
kV2c_INGENIUM DEUS 1_LPData,2025-09-01 03:15:00,0.003,0.0016
kV2c_INGENIUM DEUS 1_LPData,2025-09-01 03:30:00,0.0031,0.0015
kV2c_INGENIUM DEUS 1_LPData,2025-09-01 03:45:00,0.0031,0.0016
kV2c_INGENIUM DEUS 1_LPData,2025-09-01 04:00:00,0.003,0.0016
kV2c_INGENIUM DEUS 1_LPData,2025-09-01 04:15:00,0.003,0.0015
kV2c_INGENIUM DEUS 1_LPData,2025-09-01 04:30:00,0.003,0.0016
kV2c_INGENIUM DEUS 1_LPData,2025-09-01 04:45:00,0.003,0.0016
kV2c_INGENIUM DEUS 1_LPData,2025-09-01 05:00:00,0.003,0.0015
kV2c_INGENIUM DEUS 1_LPData,2025-09-01 05:15:00,0.003,0.0015
kV2c_INGENIUM DEUS 1_LPData,2025-09-01 05:30:00,0.003,0.0015
kV2c_INGENIUM DEUS 1_LPData,2025-09-01 05:45:00,0.003,0.0015
kV2c_INGENIUM DEUS 1_LPData,2025-09-01 06:00:00,0.003,0.0015
kV2c_INGENIUM DEUS 1_LPData,2025-09-01 06:15:00,0.003,0.0014
kV2c_INGENIUM DEUS 1_LPData,2025-09-01 06:30:00,0.0029,0.0014
kV2c_INGENIUM DEUS 1_LPData,2025-09-01 06:45:00,0.0026,0.0013
kV2c_INGENIUM DEUS 1_LPData,2025-09-01 07:00:00,0.0027,0.0014
kV2c_INGENIUM DEUS 1_LPData,2025-09-01 07:15:00,0.0028,0.0014
kV2c_INGENIUM DEUS 1_LPData,2025-09-01 07:30:00,0.0029,0.0013
kV2c_INGENIUM DEUS 1_LPData,2025-09-01 07:45:00,0.0043,0.0012
kV2c_INGENIUM DEUS 1_LPData,2025-09-01 08:00:00,0.0057,0.0011
kV2c_INGENIUM DEUS 1_LPData,2025-09-01 08:15:00,0.0108,0.0008
kV2c_INGENIUM DEUS 1_LPData,2025-09-01 08:30:00,0.012,0.0011
kV2c_INGENIUM DEUS 1_LPData,2025-09-01 08:45:00,0.0123,0.0013
kV2c_INGENIUM DEUS 1_LPData,2025-09-01 09:00:00,0.0123,0.0013
kV2c_INGENIUM DEUS 1_LPData,2025-09-01 09:15:00,0.013,0.0014
kV2c_INGENIUM DEUS 1_LPData,2025-09-01 09:30:00,0.0145,0.0012
kV2c_INGENIUM DEUS 1_LPData,2025-09-01 09:45:00,0.0142,0.0012
kV2c_INGENIUM DEUS 1_LPData,2025-09-01 10:00:00,0.0137,0.0012
kV2c_INGENIUM DEUS 1_LPData,2025-09-01 10:15:00,0.0149,0.0013
kV2c_INGENIUM DEUS 1_LPData,2025-09-01 10:30:00,0.015,0.0012
kV2c_JCS FAMALY_LPData,2025-09-01 00:00:00,0.0636,0.0001
kV2c_JCS FAMALY_LPData,2025-09-01 00:15:00,0.0607,0.0
kV2c_JCS FAMALY_LPData,2025-09-01 00:30:00,0.0625,0.0
kV2c_JCS FAMALY_LPData,2025-09-01 00:45:00,0.0606,0.0
kV2c_JCS FAMALY_LPData,2025-09-01 01:00:00,0.06,0.0
kV2c_JCS FAMALY_LPData,2025-09-01 01:15:00,0.059,0.0
kV2c_JCS FAMALY_LPData,2025-09-01 01:30:00,0.0604,0.0002
kV2c_JCS FAMALY_LPData,2025-09-01 01:45:00,0.0606,0.0001
kV2c_JCS FAMALY_LPData,2025-09-01 02:00:00,0.0573,0.0
kV2c_JCS FAMALY_LPData,2025-09-01 02:15:00,0.0608,0.0002
kV2c_JCS FAMALY_LPData,2025-09-01 02:30:00,0.0608,0.0001
kV2c_JCS FAMALY_LPData,2025-09-01 02:45:00,0.0593,0.0003
kV2c_JCS FAMALY_LPData,2025-09-01 03:00:00,0.0581,0.0001
kV2c_JCS FAMALY_LPData,2025-09-01 03:15:00,0.0599,0.0003
kV2c_JCS FAMALY_LPData,2025-09-01 03:30:00,0.0605,0.0013
kV2c_JCS FAMALY_LPData,2025-09-01 03:45:00,0.0568,0.0003
kV2c_JCS FAMALY_LPData,2025-09-01 04:00:00,0.067,0.0
kV2c_JCS FAMALY_LPData,2025-09-01 04:15:00,0.0664,0.0
kV2c_JCS FAMALY_LPData,2025-09-01 04:30:00,0.0604,0.0
kV2c_JCS FAMALY_LPData,2025-09-01 04:45:00,0.0609,0.0
kV2c_JCS FAMALY_LPData,2025-09-01 05:00:00,0.0611,0.0
kV2c_JCS FAMALY_LPData,2025-09-01 05:15:00,0.0605,0.0001
kV2c_JCS FAMALY_LPData,2025-09-01 05:30:00,0.0587,0.0
kV2c_JCS FAMALY_LPData,2025-09-01 05:45:00,0.0542,0.0001
kV2c_JCS FAMALY_LPData,2025-09-01 06:00:00,0.0539,0.0
kV2c_K&L MICROWAVE_LPData,2025-09-01 00:00:00,0.0202,0.001
kV2c_K&L MICROWAVE_LPData,2025-09-01 00:15:00,0.0199,0.0017
kV2c_K&L MICROWAVE_LPData,2025-09-01 00:30:00,0.0253,0.0025
kV2c_K&L MICROWAVE_LPData,2025-09-01 00:45:00,0.0218,0.0023
kV2c_K&L MICROWAVE_LPData,2025-09-01 01:00:00,0.0214,0.0021
kV2c_K&L MICROWAVE_LPData,2025-09-01 01:15:00,0.0195,0.0018
kV2c_K&L MICROWAVE_LPData,2025-09-01 01:30:00,0.0219,0.0024
kV2c_K&L MICROWAVE_LPData,2025-09-01 01:45:00,0.0211,0.002
kV2c_K&L MICROWAVE_LPData,2025-09-01 02:00:00,0.0221,0.0028
kV2c_K&L MICROWAVE_LPData,2025-09-01 02:15:00,0.0234,0.0024
kV2c_K&L MICROWAVE_LPData,2025-09-01 02:30:00,0.0221,0.0029
kV2c_K&L MICROWAVE_LPData,2025-09-01 02:45:00,0.0216,0.0019
kV2c_K&L MICROWAVE_LPData,2025-09-01 03:00:00,0.0231,0.0032
kV2c_K&L MICROWAVE_LPData,2025-09-01 03:15:00,0.022,0.0024
kV2c_K&L MICROWAVE_LPData,2025-09-01 03:30:00,0.02,0.0017
kV2c_K&L MICROWAVE_LPData,2025-09-01 03:45:00,0.0206,0.0021
kV2c_K&L MICROWAVE_LPData,2025-09-01 04:00:00,0.0214,0.0024
kV2c_K&L MICROWAVE_LPData,2025-09-01 04:15:00,0.0204,0.0027
kV2c_K&L MICROWAVE_LPData,2025-09-01 04:30:00,0.0205,0.0016
kV2c_K&L MICROWAVE_LPData,2025-09-01 04:45:00,0.0232,0.0029
kV2c_K&L MICROWAVE_LPData,2025-09-01 05:00:00,0.0189,0.0014
kV2c_K&L MICROWAVE_LPData,2025-09-01 05:15:00,0.0199,0.002
kV2c_K&L MICROWAVE_LPData,2025-09-01 05:30:00,0.0184,0.0013
kV2c_K&L MICROWAVE_LPData,2025-09-01 05:45:00,0.0203,0.0022
kV2c_K&L MICROWAVE_LPData,2025-09-01 06:00:00,0.0192,0.0013
kV2c_K&L MICROWAVE_LPData,2025-09-01 06:15:00,0.0245,0.0025
kV2c_K&L MICROWAVE_LPData,2025-09-01 06:30:00,0.08,0.0095
kV2c_K&L MICROWAVE_LPData,2025-09-01 06:45:00,0.0835,0.0059
kV2c_K&L MICROWAVE_LPData,2025-09-01 07:00:00,0.0784,0.0046
kV2c_LDM NUEVO_LPData,2025-09-01 00:00:00,0.0,0.0
kV2c_LDM NUEVO_LPData,2025-09-01 00:15:00,0.0,0.0
kV2c_LDM NUEVO_LPData,2025-09-01 00:30:00,0.0,0.0
kV2c_LDM NUEVO_LPData,2025-09-01 00:45:00,0.0,0.0
kV2c_LDM NUEVO_LPData,2025-09-01 01:00:00,0.0,0.0
kV2c_LDM NUEVO_LPData,2025-09-01 01:15:00,0.0,0.0
kV2c_LDM NUEVO_LPData,2025-09-01 01:30:00,0.0,0.0
kV2c_LDM NUEVO_LPData,2025-09-01 01:45:00,0.0,0.0
kV2c_LDM NUEVO_LPData,2025-09-01 02:00:00,0.0,0.0
kV2c_LDM NUEVO_LPData,2025-09-01 02:15:00,0.0,0.0
kV2c_LDM NUEVO_LPData,2025-09-01 02:30:00,0.0,0.0
kV2c_LDM NUEVO_LPData,2025-09-01 02:45:00,0.0,0.0
kV2c_LDM NUEVO_LPData,2025-09-01 03:00:00,0.0,0.0
kV2c_LDM NUEVO_LPData,2025-09-01 03:15:00,0.0,0.0
kV2c_LDM NUEVO_LPData,2025-09-01 03:30:00,0.0,0.0
kV2c_LDM NUEVO_LPData,2025-09-01 03:45:00,0.0,0.0
kV2c_LDM NUEVO_LPData,2025-09-01 04:00:00,0.0,0.0
kV2c_LDM NUEVO_LPData,2025-09-01 04:15:00,0.0,0.0
kV2c_LDM NUEVO_LPData,2025-09-01 04:30:00,0.0,0.0
kV2c_LDM NUEVO_LPData,2025-09-01 04:45:00,0.0,0.0
kV2c_LDM NUEVO_LPData,2025-09-01 05:00:00,0.0,0.0
kV2c_LDM NUEVO_LPData,2025-09-01 05:15:00,0.0,0.0
kV2c_LDM NUEVO_LPData,2025-09-01 05:30:00,0.0,0.0
kV2c_LDM NUEVO_LPData,2025-09-01 05:45:00,0.0,0.0
kV2c_LDM NUEVO_LPData,2025-09-01 06:00:00,0.0,0.0
kV2c_LDM NUEVO_LPData,2025-09-01 06:15:00,0.0,0.0
kV2c_LDM NUEVO_LPData,2025-09-01 06:30:00,0.0,0.0
kV2c_MFI 3_LPData,2025-09-01 00:00:00,0.0037,0.0007
kV2c_MFI 3_LPData,2025-09-01 00:15:00,0.0036,0.0007
kV2c_MFI 3_LPData,2025-09-01 00:30:00,0.0036,0.0006
kV2c_MFI 3_LPData,2025-09-01 00:45:00,0.0036,0.0006
kV2c_MFI 3_LPData,2025-09-01 01:00:00,0.0036,0.0005
kV2c_MFI 3_LPData,2025-09-01 01:15:00,0.0036,0.0007
kV2c_MFI 3_LPData,2025-09-01 01:30:00,0.0037,0.0008
kV2c_MFI 3_LPData,2025-09-01 01:45:00,0.0038,0.0008
kV2c_MFI 3_LPData,2025-09-01 02:00:00,0.0036,0.0007
kV2c_MFI 3_LPData,2025-09-01 02:15:00,0.0037,0.0008
kV2c_MFI 3_LPData,2025-09-01 02:30:00,0.0037,0.0007
kV2c_MFI 3_LPData,2025-09-01 02:45:00,0.0037,0.0008
kV2c_MFI 3_LPData,2025-09-01 03:00:00,0.0037,0.0008
kV2c_MFI 3_LPData,2025-09-01 03:15:00,0.0036,0.0007
kV2c_MFI 3_LPData,2025-09-01 03:30:00,0.0036,0.0006
kV2c_MFI 3_LPData,2025-09-01 03:45:00,0.0035,0.0007
kV2c_MFI 3_LPData,2025-09-01 04:00:00,0.0036,0.0007
kV2c_MFI 3_LPData,2025-09-01 04:15:00,0.0037,0.0008
kV2c_MFI 3_LPData,2025-09-01 04:30:00,0.0036,0.0007
kV2c_MFI 3_LPData,2025-09-01 04:45:00,0.0037,0.0009
kV2c_MFI 3_LPData,2025-09-01 05:00:00,0.0036,0.0008
kV2c_MFI 3_LPData,2025-09-01 05:15:00,0.0036,0.0006
kV2c_MFI 3_LPData,2025-09-01 05:30:00,0.0036,0.0007
kV2c_MFI 3_LPData,2025-09-01 05:45:00,0.0035,0.0005
kV2c_MFI 3_LPData,2025-09-01 06:00:00,0.0035,0.0004
kV2c_MFI 3_LPData,2025-09-01 06:15:00,0.0125,0.0022
kV2c_MFI 3_LPData,2025-09-01 06:30:00,0.0298,0.0036
kV2c_MFI 3_LPData,2025-09-01 06:45:00,0.0308,0.0032
kV2c_MFI 3_LPData,2025-09-01 07:00:00,0.0362,0.0028
kV2c_MFI 3_LPData,2025-09-01 07:15:00,0.0517,0.0093
kV2c_MFI 3_LPData,2025-09-01 07:30:00,0.0564,0.0116
kV2c_NATIONAL 2_LPData,2025-09-01 00:00:00,0.0081,0.0021
kV2c_NATIONAL 2_LPData,2025-09-01 00:15:00,0.0079,0.0019
kV2c_NATIONAL 2_LPData,2025-09-01 00:30:00,0.0079,0.0019
kV2c_NATIONAL 2_LPData,2025-09-01 00:45:00,0.0079,0.0019
kV2c_NATIONAL 2_LPData,2025-09-01 01:00:00,0.0081,0.0021
kV2c_NATIONAL 2_LPData,2025-09-01 01:15:00,0.0079,0.0019
kV2c_NATIONAL 2_LPData,2025-09-01 01:30:00,0.0079,0.002
kV2c_NATIONAL 2_LPData,2025-09-01 01:45:00,0.0078,0.0019
kV2c_NATIONAL 2_LPData,2025-09-01 02:00:00,0.0079,0.0019
kV2c_NATIONAL 2_LPData,2025-09-01 02:15:00,0.0081,0.0022
kV2c_NATIONAL 2_LPData,2025-09-01 02:30:00,0.008,0.002
kV2c_NATIONAL 2_LPData,2025-09-01 02:45:00,0.0079,0.0019
kV2c_NATIONAL 2_LPData,2025-09-01 03:00:00,0.0078,0.0018
kV2c_NATIONAL 2_LPData,2025-09-01 03:15:00,0.0078,0.0018
kV2c_NATIONAL 2_LPData,2025-09-01 03:30:00,0.0081,0.0022
kV2c_NATIONAL 2_LPData,2025-09-01 03:45:00,0.0079,0.0019
kV2c_NATIONAL 2_LPData,2025-09-01 04:00:00,0.0078,0.0018
kV2c_NATIONAL 2_LPData,2025-09-01 04:15:00,0.0078,0.0018
kV2c_NATIONAL 2_LPData,2025-09-01 04:30:00,0.0078,0.0018
kV2c_NATIONAL 2_LPData,2025-09-01 04:45:00,0.0081,0.0022
kV2c_NATIONAL 2_LPData,2025-09-01 05:00:00,0.008,0.002
kV2c_NATIONAL 2_LPData,2025-09-01 05:15:00,0.0078,0.0018
kV2c_NATIONAL 2_LPData,2025-09-01 05:30:00,0.008,0.0018
kV2c_NATIONAL 2_LPData,2025-09-01 05:45:00,0.0082,0.0019
kV2c_NATIONAL 2_LPData,2025-09-01 06:00:00,0.0079,0.0019
kV2c_NATIONAL 2_LPData,2025-09-01 06:15:00,0.0079,0.002
kV2c_NATIONAL CHAIN_LPData,2025-09-01 00:00:00,0.028,0.007
kV2c_NATIONAL CHAIN_LPData,2025-09-01 00:15:00,0.028,0.007
kV2c_NATIONAL CHAIN_LPData,2025-09-01 00:30:00,0.0281,0.0071
kV2c_NATIONAL CHAIN_LPData,2025-09-01 00:45:00,0.0278,0.0071
kV2c_NATIONAL CHAIN_LPData,2025-09-01 01:00:00,0.0279,0.0072
kV2c_NATIONAL CHAIN_LPData,2025-09-01 01:15:00,0.0277,0.0071
kV2c_NATIONAL CHAIN_LPData,2025-09-01 01:30:00,0.0276,0.007
kV2c_NATIONAL CHAIN_LPData,2025-09-01 01:45:00,0.0276,0.007
kV2c_NATIONAL CHAIN_LPData,2025-09-01 02:00:00,0.0274,0.0069
kV2c_NATIONAL CHAIN_LPData,2025-09-01 02:15:00,0.0275,0.0069
kV2c_NATIONAL CHAIN_LPData,2025-09-01 02:30:00,0.0274,0.0068
kV2c_NATIONAL CHAIN_LPData,2025-09-01 02:45:00,0.0273,0.0069
kV2c_NATIONAL CHAIN_LPData,2025-09-01 03:00:00,0.0275,0.007
kV2c_NATIONAL CHAIN_LPData,2025-09-01 03:15:00,0.0273,0.0068
kV2c_NATIONAL CHAIN_LPData,2025-09-01 03:30:00,0.0273,0.0069
kV2c_NATIONAL CHAIN_LPData,2025-09-01 03:45:00,0.0272,0.0068
kV2c_NATIONAL CHAIN_LPData,2025-09-01 04:00:00,0.0272,0.0067
kV2c_NATIONAL CHAIN_LPData,2025-09-01 04:15:00,0.0272,0.0069
kV2c_NATIONAL CHAIN_LPData,2025-09-01 04:30:00,0.0274,0.0071
kV2c_NATIONAL CHAIN_LPData,2025-09-01 04:45:00,0.0274,0.007
kV2c_NATIONAL CHAIN_LPData,2025-09-01 05:00:00,0.0275,0.0071
kV2c_NATIONAL CHAIN_LPData,2025-09-01 05:15:00,0.0862,0.0447
kV2c_NATIONAL MONTESINO_LPData,2025-09-01 00:00:00,0.012,0.0089
kV2c_NATIONAL MONTESINO_LPData,2025-09-01 00:15:00,0.0121,0.0092
kV2c_NATIONAL MONTESINO_LPData,2025-09-01 00:30:00,0.0122,0.0095
kV2c_NATIONAL MONTESINO_LPData,2025-09-01 00:45:00,0.0122,0.0093
kV2c_NATIONAL MONTESINO_LPData,2025-09-01 01:00:00,0.0121,0.0094
kV2c_NATIONAL MONTESINO_LPData,2025-09-01 01:15:00,0.012,0.0091
kV2c_NATIONAL MONTESINO_LPData,2025-09-01 01:30:00,0.0118,0.009
kV2c_NATIONAL MONTESINO_LPData,2025-09-01 01:45:00,0.012,0.0092
kV2c_NATIONAL MONTESINO_LPData,2025-09-01 02:00:00,0.012,0.0093
kV2c_NATIONAL MONTESINO_LPData,2025-09-01 02:15:00,0.0122,0.0093
kV2c_NATIONAL MONTESINO_LPData,2025-09-01 02:30:00,0.0121,0.0094
kV2c_NATIONAL MONTESINO_LPData,2025-09-01 02:45:00,0.0121,0.0093
kV2c_NATIONAL MONTESINO_LPData,2025-09-01 03:00:00,0.0119,0.0091
kV2c_NATIONAL MONTESINO_LPData,2025-09-01 03:15:00,0.0122,0.0094
kV2c_NATIONAL MONTESINO_LPData,2025-09-01 03:30:00,0.0122,0.0094
kV2c_NATIONAL MONTESINO_LPData,2025-09-01 03:45:00,0.0121,0.0093
kV2c_NATIONAL MONTESINO_LPData,2025-09-01 04:00:00,0.0123,0.0094
kV2c_NATIONAL MONTESINO_LPData,2025-09-01 04:15:00,0.0119,0.0091
kV2c_NATIONAL MONTESINO_LPData,2025-09-01 04:30:00,0.012,0.0091
kV2c_NATIONAL MONTESINO_LPData,2025-09-01 04:45:00,0.0119,0.0091
kV2c_NATIONAL MONTESINO_LPData,2025-09-01 05:00:00,0.0124,0.0095
kV2c_NATIONAL MONTESINO_LPData,2025-09-01 05:15:00,0.0121,0.0093
kV2c_PIONEER_LPData,2025-09-01 00:00:00,0.0282,0.0042
kV2c_PIONEER_LPData,2025-09-01 00:15:00,0.0281,0.0046
kV2c_PIONEER_LPData,2025-09-01 00:30:00,0.0283,0.0049
kV2c_PIONEER_LPData,2025-09-01 00:45:00,0.0281,0.0048
kV2c_PIONEER_LPData,2025-09-01 01:00:00,0.0281,0.0049
kV2c_PIONEER_LPData,2025-09-01 01:15:00,0.028,0.005
kV2c_PIONEER_LPData,2025-09-01 01:30:00,0.0279,0.0051
kV2c_PIONEER_LPData,2025-09-01 01:45:00,0.0278,0.0054
kV2c_PIONEER_LPData,2025-09-01 02:00:00,0.0279,0.0054
kV2c_PIONEER_LPData,2025-09-01 02:15:00,0.0279,0.0054
kV2c_PIONEER_LPData,2025-09-01 02:30:00,0.0278,0.0055
kV2c_PIONEER_LPData,2025-09-01 02:45:00,0.0278,0.0056
kV2c_PIONEER_LPData,2025-09-01 03:00:00,0.0278,0.0056
kV2c_PIONEER_LPData,2025-09-01 03:15:00,0.0277,0.0055
kV2c_PIONEER_LPData,2025-09-01 03:30:00,0.0276,0.0054
kV2c_PIONEER_LPData,2025-09-01 03:45:00,0.0275,0.0051
kV2c_PIONEER_LPData,2025-09-01 04:00:00,0.0275,0.0052
kV2c_PIONEER_LPData,2025-09-01 04:15:00,0.0276,0.0053
kV2c_PIONEER_LPData,2025-09-01 04:30:00,0.0276,0.0054
kV2c_PIONEER_LPData,2025-09-01 04:45:00,0.0274,0.0055
kV2c_PIONEER_LPData,2025-09-01 05:00:00,0.0275,0.0053
kV2c_PIONEER_LPData,2025-09-01 05:15:00,0.0274,0.0046
kV2c_PIONEER_LPData,2025-09-01 05:30:00,0.0273,0.0045
kV2c_PIONEER_LPData,2025-09-01 05:45:00,0.0273,0.004
kV2c_PIONEER_LPData,2025-09-01 06:00:00,0.0271,0.0036
kV2c_PIONEER_LPData,2025-09-01 06:15:00,0.0271,0.0034
kV2c_PIONEER_LPData,2025-09-01 06:30:00,0.0271,0.0028
kV2c_PIONEER_LPData,2025-09-01 06:45:00,0.0268,0.0021
kV2c_PIONEER_LPData,2025-09-01 07:00:00,0.0268,0.0019
kV2c_PIONEER_LPData,2025-09-01 07:15:00,0.0267,0.002
kV2c_PIONEER_LPData,2025-09-01 07:30:00,0.0269,0.0019
kV2c_PIONEER_LPData,2025-09-01 07:45:00,0.027,0.0019
kV2c_POINT BLANK 2_LPData,2025-09-01 00:00:00,0.0027,0.0043
kV2c_POINT BLANK 2_LPData,2025-09-01 00:15:00,0.0029,0.0045
kV2c_POINT BLANK 2_LPData,2025-09-01 00:30:00,0.0029,0.0046
kV2c_POINT BLANK 2_LPData,2025-09-01 00:45:00,0.0028,0.0045
kV2c_POINT BLANK 2_LPData,2025-09-01 01:00:00,0.0027,0.0045
kV2c_POINT BLANK 2_LPData,2025-09-01 01:15:00,0.0029,0.0046
kV2c_POINT BLANK 2_LPData,2025-09-01 01:30:00,0.0029,0.0046
kV2c_POINT BLANK 2_LPData,2025-09-01 01:45:00,0.0028,0.0047
kV2c_POINT BLANK 2_LPData,2025-09-01 02:00:00,0.0028,0.0047
kV2c_POINT BLANK 2_LPData,2025-09-01 02:15:00,0.0029,0.0047
kV2c_POINT BLANK 2_LPData,2025-09-01 02:30:00,0.0029,0.0047
kV2c_POINT BLANK 2_LPData,2025-09-01 02:45:00,0.0029,0.0047
kV2c_POINT BLANK 2_LPData,2025-09-01 03:00:00,0.0028,0.0047
kV2c_POINT BLANK 2_LPData,2025-09-01 03:15:00,0.0028,0.0047
kV2c_POINT BLANK 2_LPData,2025-09-01 03:30:00,0.0028,0.0047
kV2c_POINT BLANK 2_LPData,2025-09-01 03:45:00,0.0028,0.0045
kV2c_POINT BLANK 2_LPData,2025-09-01 04:00:00,0.0028,0.0046
kV2c_POINT BLANK 2_LPData,2025-09-01 04:15:00,0.003,0.0047
kV2c_POINT BLANK 2_LPData,2025-09-01 04:30:00,0.003,0.0047
kV2c_POINT BLANK 2_LPData,2025-09-01 04:45:00,0.0027,0.0046
kV2c_POINT BLANK 2_LPData,2025-09-01 05:00:00,0.0027,0.0046
kV2c_POINT BLANK 2_LPData,2025-09-01 05:15:00,0.0029,0.0045
kV2c_POINT BLANK 2_LPData,2025-09-01 05:30:00,0.0028,0.0045
kV2c_POINT BLANK 2_LPData,2025-09-01 05:45:00,0.0028,0.0043
kV2c_POINT BLANK 2_LPData,2025-09-01 06:00:00,0.0028,0.0042
kV2c_POINT BLANK_LPData,2025-09-01 00:00:00,0.0032,0.0077
kV2c_POINT BLANK_LPData,2025-09-01 00:15:00,0.0033,0.0078
kV2c_POINT BLANK_LPData,2025-09-01 00:30:00,0.0033,0.008
kV2c_POINT BLANK_LPData,2025-09-01 00:45:00,0.0033,0.0079
kV2c_POINT BLANK_LPData,2025-09-01 01:00:00,0.0033,0.008
kV2c_POINT BLANK_LPData,2025-09-01 01:15:00,0.0033,0.008
kV2c_POINT BLANK_LPData,2025-09-01 01:30:00,0.0033,0.0081
kV2c_POINT BLANK_LPData,2025-09-01 01:45:00,0.0033,0.0083
kV2c_POINT BLANK_LPData,2025-09-01 02:00:00,0.0032,0.0083
kV2c_POINT BLANK_LPData,2025-09-01 02:15:00,0.0033,0.0082
kV2c_POINT BLANK_LPData,2025-09-01 02:30:00,0.0032,0.0083
kV2c_POINT BLANK_LPData,2025-09-01 02:45:00,0.0032,0.0083
kV2c_POINT BLANK_LPData,2025-09-01 03:00:00,0.0032,0.0084
kV2c_POINT BLANK_LPData,2025-09-01 03:15:00,0.0033,0.0083
kV2c_POINT BLANK_LPData,2025-09-01 03:30:00,0.0033,0.0083
kV2c_POINT BLANK_LPData,2025-09-01 03:45:00,0.0033,0.0082
kV2c_POINT BLANK_LPData,2025-09-01 04:00:00,0.0033,0.0083
kV2c_POINT BLANK_LPData,2025-09-01 04:15:00,0.0033,0.0083
kV2c_POINT BLANK_LPData,2025-09-01 04:30:00,0.0033,0.0083
kV2c_POINT BLANK_LPData,2025-09-01 04:45:00,0.0033,0.0085
kV2c_POINT BLANK_LPData,2025-09-01 05:00:00,0.0032,0.0082
kV2c_POINT BLANK_LPData,2025-09-01 05:15:00,0.0031,0.0077
kV2c_POINT BLANK_LPData,2025-09-01 05:30:00,0.0032,0.0077
kV2c_POINT BLANK_LPData,2025-09-01 05:45:00,0.0032,0.0075
kV2c_POINT BLANK_LPData,2025-09-01 06:00:00,0.0032,0.0073
kV2c_POINT BLANK_LPData,2025-09-01 06:15:00,0.0032,0.0072
kV2c_POINT BLANK_LPData,2025-09-01 06:30:00,0.0035,0.007
kV2c_POINT BLANK_LPData,2025-09-01 06:45:00,0.033,0.0131
kV2c_PRIME_LPData,2025-09-01 00:00:00,0.0054,0.0016
kV2c_PRIME_LPData,2025-09-01 00:15:00,0.0052,0.0013
kV2c_PRIME_LPData,2025-09-01 00:30:00,0.0052,0.0014
kV2c_PRIME_LPData,2025-09-01 00:45:00,0.0053,0.0015
kV2c_PRIME_LPData,2025-09-01 01:00:00,0.0052,0.0013
kV2c_PRIME_LPData,2025-09-01 01:15:00,0.0053,0.0016
kV2c_PRIME_LPData,2025-09-01 01:30:00,0.0052,0.0014
kV2c_PRIME_LPData,2025-09-01 01:45:00,0.0052,0.0014
kV2c_PRIME_LPData,2025-09-01 02:00:00,0.0054,0.0017
kV2c_PRIME_LPData,2025-09-01 02:15:00,0.0052,0.0013
kV2c_PRIME_LPData,2025-09-01 02:30:00,0.0052,0.0015
kV2c_PRIME_LPData,2025-09-01 02:45:00,0.0053,0.0015
kV2c_PRIME_LPData,2025-09-01 03:00:00,0.0052,0.0014
kV2c_PRIME_LPData,2025-09-01 03:15:00,0.0053,0.0016
kV2c_PRIME_LPData,2025-09-01 03:30:00,0.0052,0.0014
kV2c_PRIME_LPData,2025-09-01 03:45:00,0.0052,0.0014
kV2c_PRIME_LPData,2025-09-01 04:00:00,0.0054,0.0016
kV2c_PRIME_LPData,2025-09-01 04:15:00,0.0052,0.0014
kV2c_PRIME_LPData,2025-09-01 04:30:00,0.0052,0.0014
kV2c_PRIME_LPData,2025-09-01 04:45:00,0.0053,0.0016
kV2c_PRIME_LPData,2025-09-01 05:00:00,0.0052,0.0014
kV2c_PRIME_LPData,2025-09-01 05:15:00,0.0052,0.0014
kV2c_PRIME_LPData,2025-09-01 05:30:00,0.0053,0.0016
kV2c_PRIME_LPData,2025-09-01 05:45:00,0.0052,0.0013
kV2c_PRIME_LPData,2025-09-01 06:00:00,0.0052,0.0013
kV2c_PRIME_LPData,2025-09-01 06:15:00,0.0053,0.0015
kV2c_PRIME_LPData,2025-09-01 06:30:00,0.0052,0.0013
kV2c_PRIME_LPData,2025-09-01 06:45:00,0.0052,0.0012
kV2c_PRIME_LPData,2025-09-01 07:00:00,0.1682,0.0858
kV2c_PUERTA III_LPData,2025-09-01 00:00:00,0.0064,0.0
kV2c_PUERTA III_LPData,2025-09-01 00:15:00,0.0068,0.0001
kV2c_PUERTA III_LPData,2025-09-01 00:30:00,0.0063,0.0
kV2c_PUERTA III_LPData,2025-09-01 00:45:00,0.0067,0.0001
kV2c_PUERTA III_LPData,2025-09-01 01:00:00,0.0065,0.0
kV2c_PUERTA III_LPData,2025-09-01 01:15:00,0.0066,0.0
kV2c_PUERTA III_LPData,2025-09-01 01:30:00,0.0068,0.0001
kV2c_PUERTA III_LPData,2025-09-01 01:45:00,0.0064,0.0
kV2c_PUERTA III_LPData,2025-09-01 02:00:00,0.0068,0.0001
kV2c_PUERTA III_LPData,2025-09-01 02:15:00,0.0068,0.0001
kV2c_PUERTA III_LPData,2025-09-01 02:30:00,0.0065,0.0
kV2c_PUERTA III_LPData,2025-09-01 02:45:00,0.0069,0.0001
kV2c_PUERTA III_LPData,2025-09-01 03:00:00,0.0066,0.0
kV2c_PUERTA III_LPData,2025-09-01 03:15:00,0.0068,0.0001
kV2c_PUERTA III_LPData,2025-09-01 03:30:00,0.0068,0.0
kV2c_PUERTA III_LPData,2025-09-01 03:45:00,0.0065,0.0
kV2c_PUERTA III_LPData,2025-09-01 04:00:00,0.0068,0.0001
kV2c_PUERTA III_LPData,2025-09-01 04:15:00,0.0068,0.0001
kV2c_PUERTA III_LPData,2025-09-01 04:30:00,0.0064,0.0
kV2c_PUERTA III_LPData,2025-09-01 04:45:00,0.0068,0.0001
kV2c_PUERTA III_LPData,2025-09-01 05:00:00,0.0066,0.0
kV2c_PUERTA III_LPData,2025-09-01 05:15:00,0.0065,0.0
kV2c_PUERTA III_LPData,2025-09-01 05:30:00,0.0067,0.0001
kV2c_PUERTA III_LPData,2025-09-01 05:45:00,0.0063,0.0
kV2c_PUERTA III_LPData,2025-09-01 06:00:00,0.0068,0.0001
kV2c_PUERTA III_LPData,2025-09-01 06:15:00,0.0059,0.0001
kV2c_PUERTA III_LPData,2025-09-01 06:30:00,0.0045,0.0
kV2c_PUERTA III_LPData,2025-09-01 06:45:00,0.0048,0.0001
kV2c_PUERTA III_LPData,2025-09-01 07:00:00,0.0045,0.0
kV2c_PUERTA III_LPData,2025-09-01 07:15:00,0.0049,0.0004
kV2c_PUERTA III_LPData,2025-09-01 07:30:00,0.004,0.0
kV2c_PUERTA III_LPData,2025-09-01 07:45:00,0.0043,0.0002
kV2c_PUERTA III_LPData,2025-09-01 08:00:00,0.0042,0.0003
kV2c_SANDCASTLE_LPData,2025-09-01 00:00:00,0.0074,0.006
kV2c_SANDCASTLE_LPData,2025-09-01 00:15:00,0.0074,0.0061
kV2c_SANDCASTLE_LPData,2025-09-01 00:30:00,0.0074,0.0062
kV2c_SANDCASTLE_LPData,2025-09-01 00:45:00,0.0073,0.0061
kV2c_SANDCASTLE_LPData,2025-09-01 01:00:00,0.0075,0.0063
kV2c_SANDCASTLE_LPData,2025-09-01 01:15:00,0.0073,0.0062
kV2c_SANDCASTLE_LPData,2025-09-01 01:30:00,0.0074,0.0063
kV2c_SANDCASTLE_LPData,2025-09-01 01:45:00,0.0073,0.0063
kV2c_SANDCASTLE_LPData,2025-09-01 02:00:00,0.0074,0.0065
kV2c_SANDCASTLE_LPData,2025-09-01 02:15:00,0.0072,0.0063
kV2c_SANDCASTLE_LPData,2025-09-01 02:30:00,0.0074,0.0064
kV2c_SANDCASTLE_LPData,2025-09-01 02:45:00,0.0074,0.0065
kV2c_SANDCASTLE_LPData,2025-09-01 03:00:00,0.0073,0.0064
kV2c_SANDCASTLE_LPData,2025-09-01 03:15:00,0.0072,0.0064
kV2c_SANDCASTLE_LPData,2025-09-01 03:30:00,0.0073,0.0063
kV2c_SANDCASTLE_LPData,2025-09-01 03:45:00,0.0073,0.0064
kV2c_SANDCASTLE_LPData,2025-09-01 04:00:00,0.0072,0.0063
kV2c_SANDCASTLE_LPData,2025-09-01 04:15:00,0.0072,0.0063
kV2c_SANDCASTLE_LPData,2025-09-01 04:30:00,0.0074,0.0064
kV2c_SANDCASTLE_LPData,2025-09-01 04:45:00,0.0073,0.0064
kV2c_SANDCASTLE_LPData,2025-09-01 05:00:00,0.0072,0.0063
kV2c_SANDCASTLE_LPData,2025-09-01 05:15:00,0.0072,0.0061
kV2c_SANDCASTLE_LPData,2025-09-01 05:30:00,0.0064,0.0061
kV2c_SCHAD FREE_LPData,2025-09-01 00:00:00,0.0089,0.0019
kV2c_SCHAD FREE_LPData,2025-09-01 00:15:00,0.009,0.0019
kV2c_SCHAD FREE_LPData,2025-09-01 00:30:00,0.0089,0.0019
kV2c_SCHAD FREE_LPData,2025-09-01 00:45:00,0.0087,0.0019
kV2c_SCHAD FREE_LPData,2025-09-01 01:00:00,0.0086,0.0019
kV2c_SCHAD FREE_LPData,2025-09-01 01:15:00,0.0086,0.0019
kV2c_SCHAD FREE_LPData,2025-09-01 01:30:00,0.0086,0.002
kV2c_SCHAD FREE_LPData,2025-09-01 01:45:00,0.0086,0.002
kV2c_SCHAD FREE_LPData,2025-09-01 02:00:00,0.0086,0.0019
kV2c_SCHAD FREE_LPData,2025-09-01 02:15:00,0.0086,0.002
kV2c_SCHAD FREE_LPData,2025-09-01 02:30:00,0.0086,0.002
kV2c_SCHAD FREE_LPData,2025-09-01 02:45:00,0.0086,0.002
kV2c_SCHAD FREE_LPData,2025-09-01 03:00:00,0.0086,0.002
kV2c_SCHAD FREE_LPData,2025-09-01 03:15:00,0.0085,0.002
kV2c_SCHAD FREE_LPData,2025-09-01 03:30:00,0.0086,0.0019
kV2c_SCHAD FREE_LPData,2025-09-01 03:45:00,0.0086,0.0019
kV2c_SCHAD FREE_LPData,2025-09-01 04:00:00,0.0085,0.0019
kV2c_SCHAD FREE_LPData,2025-09-01 04:15:00,0.0085,0.002
kV2c_SCHAD FREE_LPData,2025-09-01 04:30:00,0.0085,0.0019
kV2c_SCHAD FREE_LPData,2025-09-01 04:45:00,0.0085,0.0019
kV2c_SCHAD FREE_LPData,2025-09-01 05:00:00,0.0085,0.0019
kV2c_SCHAD FREE_LPData,2025-09-01 05:15:00,0.0085,0.0019
kV2c_SCHAD FREE_LPData,2025-09-01 05:30:00,0.0085,0.0019
kV2c_SCHAD FREE_LPData,2025-09-01 05:45:00,0.0085,0.0018
kV2c_SCHAD FREE_LPData,2025-09-01 06:00:00,0.0089,0.0017
kV2c_SCHAD FREE_LPData,2025-09-01 06:15:00,0.0108,0.0015
kV2c_SCHAD FREE_LPData,2025-09-01 06:30:00,0.0083,0.001
kV2c_SCHAD FREE_LPData,2025-09-01 06:45:00,0.0095,0.0012
kV2c_SCHAD FREE_LPData,2025-09-01 07:00:00,0.0109,0.0014
kV2c_TONKA_LPData,2025-09-01 00:00:00,0.004,0.0
kV2c_TONKA_LPData,2025-09-01 00:15:00,0.004,0.0
kV2c_TONKA_LPData,2025-09-01 00:30:00,0.0039,0.0
kV2c_TONKA_LPData,2025-09-01 00:45:00,0.004,0.0
kV2c_TONKA_LPData,2025-09-01 01:00:00,0.0039,0.0
kV2c_TONKA_LPData,2025-09-01 01:15:00,0.0041,0.0
kV2c_TONKA_LPData,2025-09-01 01:30:00,0.0039,0.0
kV2c_TONKA_LPData,2025-09-01 01:45:00,0.004,0.0
kV2c_TONKA_LPData,2025-09-01 02:00:00,0.004,0.0
kV2c_TONKA_LPData,2025-09-01 02:15:00,0.0039,0.0
kV2c_TONKA_LPData,2025-09-01 02:30:00,0.0039,0.0
kV2c_TONKA_LPData,2025-09-01 02:45:00,0.004,0.0
kV2c_TONKA_LPData,2025-09-01 03:00:00,0.004,0.0
kV2c_TONKA_LPData,2025-09-01 03:15:00,0.0039,0.0
kV2c_TONKA_LPData,2025-09-01 03:30:00,0.0039,0.0
kV2c_TONKA_LPData,2025-09-01 03:45:00,0.0039,0.0
kV2c_TONKA_LPData,2025-09-01 04:00:00,0.0039,0.0
kV2c_TONKA_LPData,2025-09-01 04:15:00,0.004,0.0
kV2c_TONKA_LPData,2025-09-01 04:30:00,0.0039,0.0
kV2c_TONKA_LPData,2025-09-01 04:45:00,0.0039,0.0
kV2c_TONKA_LPData,2025-09-01 05:00:00,0.0038,0.0
kV2c_TONKA_LPData,2025-09-01 05:15:00,0.0042,0.0
kV2c_TONKA_LPData,2025-09-01 05:30:00,0.0042,0.0
kV2c_TONKA_LPData,2025-09-01 05:45:00,0.0041,0.0
kV2c_TONKA_LPData,2025-09-01 06:00:00,0.0041,0.0
kV2c_VISHAY 1_LPData,2025-09-01 00:00:00,0.0365,0.0102
kV2c_VISHAY 1_LPData,2025-09-01 00:15:00,0.035,0.0094
kV2c_VISHAY 1_LPData,2025-09-01 00:30:00,0.036,0.0105
kV2c_VISHAY 1_LPData,2025-09-01 00:45:00,0.0352,0.0098
kV2c_VISHAY 1_LPData,2025-09-01 01:00:00,0.0319,0.0077
kV2c_VISHAY 1_LPData,2025-09-01 01:15:00,0.0326,0.008
kV2c_VISHAY 1_LPData,2025-09-01 01:30:00,0.032,0.0079
kV2c_VISHAY 1_LPData,2025-09-01 01:45:00,0.032,0.0081
kV2c_VISHAY 1_LPData,2025-09-01 02:00:00,0.0328,0.0081
kV2c_VISHAY 1_LPData,2025-09-01 02:15:00,0.0316,0.008
kV2c_VISHAY 1_LPData,2025-09-01 02:30:00,0.0322,0.0081
kV2c_VISHAY 1_LPData,2025-09-01 02:45:00,0.0319,0.0082
kV2c_VISHAY 1_LPData,2025-09-01 03:00:00,0.0317,0.0082
kV2c_VISHAY 1_LPData,2025-09-01 03:15:00,0.0321,0.0081
kV2c_VISHAY 1_LPData,2025-09-01 03:30:00,0.0315,0.0078
kV2c_VISHAY 1_LPData,2025-09-01 03:45:00,0.0326,0.0078
kV2c_VISHAY 1_LPData,2025-09-01 04:00:00,0.0313,0.0078
kV2c_VISHAY 1_LPData,2025-09-01 04:15:00,0.0315,0.0079
kV2c_VISHAY 1_LPData,2025-09-01 04:30:00,0.0422,0.0157
kV2c_VISHAY 1_LPData,2025-09-01 04:45:00,0.043,0.0166
kV2c_VISHAY 1_LPData,2025-09-01 05:00:00,0.0426,0.0144
kV2c_VISHAY 1_LPData,2025-09-01 05:15:00,0.0422,0.0139
kV2c_VISHAY 1_LPData,2025-09-01 05:30:00,0.0403,0.0134
kV2c_VISHAY 1_LPData,2025-09-01 05:45:00,0.0445,0.0154
kV2c_VISHAY 1_LPData,2025-09-01 06:00:00,0.0486,0.0198
kV2c_VISHAY 1_LPData,2025-09-01 06:15:00,0.0555,0.0241
kV2c_VISHAY 1_LPData,2025-09-01 06:30:00,0.0792,0.0264
kV2c_VISHAY 1_LPData,2025-09-01 06:45:00,0.0786,0.0261
kV2c_VISHAY 1_LPData,2025-09-01 07:00:00,0.1215,0.0268
kV2c_VISHAY 1_LPData,2025-09-01 07:15:00,0.1426,0.0312
kV2c_VISHAY 1_LPData,2025-09-01 07:30:00,0.1462,0.0333
